timestamp,run_id,seed,client_id,mode,target,num_rounds,local_epochs,avg_rtt,avg_send_time,train_time,total_round_cost,test_acc,test_loss,peak_rss_mb,avg_cpu_norm_percent
4/29/26 18:28,run_123,123,client_5,tls_pftlstyle,localhost:50052,15,1,0.552157,0.001273,10.390766,10.944196,0.9091,0.295558,1085.16,15.08
4/29/26 18:28,run_123,123,client_1,tls_pftlstyle,localhost:50052,15,1,0.774694,0.001424,10.171109,10.947227,0.9091,0.295558,1085.47,15.04
4/29/26 18:28,run_123,123,client_2,tls_pftlstyle,localhost:50052,15,1,1.079892,0.001195,9.862114,10.943201,0.9091,0.295558,1077.44,15.1
4/29/26 18:28,run_123,123,client_4,tls_pftlstyle,localhost:50052,15,1,0.571152,0.001386,10.375433,10.94797,0.9091,0.295558,1087.95,15.07
4/29/26 18:28,run_123,123,client_0,tls_pftlstyle,localhost:50052,15,1,0.856925,0.001245,10.078628,10.936799,0.9091,0.295558,1081.84,14.97
4/29/26 18:28,run_123,123,client_3,tls_pftlstyle,localhost:50052,15,1,0.348493,0.001691,10.605101,10.955284,0.9091,0.295558,1085.08,15.04
4/29/26 16:42,run_42,42,client_4,tls_pftlstyle,localhost:50052,15,1,6.947871,0.002775,17.644423,24.595069,0.884,0.365627,952.17,6.88
4/29/26 16:42,run_42,42,client_3,tls_pftlstyle,localhost:50052,15,1,4.27997,0.003179,20.306215,24.589364,0.884,0.365627,957.41,6.8
4/29/26 16:42,run_42,42,client_2,tls_pftlstyle,localhost:50052,15,1,5.663266,0.002248,18.936965,24.602479,0.884,0.365627,954.42,6.79
4/29/26 16:42,run_42,42,client_1,tls_pftlstyle,localhost:50052,15,1,5.280978,0.002693,19.319289,24.602961,0.884,0.365627,959.19,6.87
4/29/26 16:42,run_42,42,client_0,tls_pftlstyle,localhost:50052,15,1,5.318185,0.002257,19.283786,24.604227,0.884,0.365627,963.86,6.91
4/29/26 16:42,run_42,42,client_5,tls_pftlstyle,localhost:50052,15,1,2.444706,0.002692,22.159957,24.607355,0.884,0.365627,961.62,6.89
4/29/26 16:47,run_432,432,client_1,tls_pftlstyle,localhost:50052,15,1,0.550975,0.001145,10.285474,10.837594,0.8874,0.371167,1009.3,15.02
4/29/26 16:47,run_432,432,client_0,tls_pftlstyle,localhost:50052,15,1,0.389298,0.001778,10.44288,10.833957,0.8874,0.371167,1022.7,15.08
4/29/26 16:47,run_432,432,client_3,tls_pftlstyle,localhost:50052,15,1,0.612603,0.001567,10.218,10.83217,0.8874,0.371167,1049.42,15.25
4/29/26 16:47,run_432,432,client_2,tls_pftlstyle,localhost:50052,15,1,0.468835,0.001142,10.371108,10.841085,0.8874,0.371167,1046.94,15.27
4/29/26 16:47,run_432,432,client_5,tls_pftlstyle,localhost:50052,15,1,0.815545,0.001319,10.028321,10.845186,0.8874,0.371167,1026.41,15.31
4/29/26 16:47,run_432,432,client_4,tls_pftlstyle,localhost:50052,15,1,0.530959,0.001221,10.316627,10.848807,0.8874,0.371167,1032.7,15.06
4/29/26 17:03,run_999,999,client_1,tls_pftlstyle,localhost:50052,15,1,2.136649,0.001705,13.813153,15.951507,0.9017,0.32858,880.56,10.57
4/29/26 17:03,run_999,999,client_4,tls_pftlstyle,localhost:50052,15,1,1.972772,0.001462,13.904568,15.878802,0.9017,0.32858,882.08,10.63
4/29/26 17:03,run_999,999,client_5,tls_pftlstyle,localhost:50052,15,1,1.854476,0.002468,13.830967,15.687911,0.9017,0.32858,877.91,10.83
4/29/26 17:03,run_999,999,client_2,tls_pftlstyle,localhost:50052,15,1,2.304017,0.001807,13.450723,15.756547,0.9017,0.32858,875.84,10.79
4/29/26 17:03,run_999,999,client_3,tls_pftlstyle,localhost:50052,15,1,1.935473,0.001993,13.851766,15.789232,0.9017,0.32858,873.8,10.73
4/29/26 17:03,run_999,999,client_0,tls_pftlstyle,localhost:50052,15,1,0.774592,0.001953,15.0281,15.804645,0.9017,0.32858,895.75,10.65
4/29/26 17:11,run_28,28,client_5,tls_pftlstyle,localhost:50052,15,1,4.623691,0.002252,17.343749,21.969691,0.9063,0.3097,857.52,7.65
4/29/26 17:11,run_28,28,client_2,tls_pftlstyle,localhost:50052,15,1,4.581403,0.002534,17.348229,21.932166,0.9063,0.3097,868.69,7.64
4/29/26 17:11,run_28,28,client_1,tls_pftlstyle,localhost:50052,15,1,2.366996,0.004147,19.570146,21.94129,0.9063,0.3097,871.77,7.54
4/29/26 17:11,run_28,28,client_3,tls_pftlstyle,localhost:50052,15,1,3.584033,0.002118,18.421301,22.007453,0.9063,0.3097,849.22,7.61
4/29/26 17:11,run_28,28,client_4,tls_pftlstyle,localhost:50052,15,1,1.795953,0.002497,20.180801,21.979251,0.9063,0.3097,849.83,7.6
4/29/26 17:11,run_28,28,client_0,tls_pftlstyle,localhost:50052,15,1,3.929764,0.002236,18.048446,21.980445,0.9063,0.3097,857.67,7.64
4/29/26 17:19,run_771,771,client_5,tls_pftlstyle,localhost:50052,15,1,1.102443,0.002488,20.829604,21.934534,0.9054,0.304126,850.77,7.57
4/29/26 17:19,run_771,771,client_2,tls_pftlstyle,localhost:50052,15,1,1.449326,0.002692,20.545164,21.997182,0.9054,0.304126,877.44,7.58
4/29/26 17:19,run_771,771,client_4,tls_pftlstyle,localhost:50052,15,1,1.656049,0.006038,20.265637,21.927724,0.9054,0.304126,851.83,7.63
4/29/26 17:19,run_771,771,client_1,tls_pftlstyle,localhost:50052,15,1,1.655061,0.003116,20.264365,21.922542,0.9054,0.304126,848.88,7.66
4/29/26 17:19,run_771,771,client_3,tls_pftlstyle,localhost:50052,15,1,3.61148,0.003454,18.411438,22.026372,0.9054,0.304126,884.48,7.69
4/29/26 17:19,run_771,771,client_0,tls_pftlstyle,localhost:50052,15,1,1.816852,0.004245,20.098665,21.919762,0.9054,0.304126,867.28,7.68
4/29/26 17:56,run_576,576,client_1,tls_pftlstyle,localhost:50052,15,1,2.510415,0.003525,19.696545,22.210485,0.9056,0.305363,862.23,7.63
4/29/26 17:56,run_576,576,client_5,tls_pftlstyle,localhost:50052,15,1,0.979231,0.002236,21.188997,22.170464,0.9056,0.305363,878.64,7.63
4/29/26 17:56,run_576,576,client_2,tls_pftlstyle,localhost:50052,15,1,2.732597,0.003396,19.487276,22.223269,0.9056,0.305363,816.44,7.66
4/29/26 17:56,run_576,576,client_4,tls_pftlstyle,localhost:50052,15,1,3.81051,0.003153,18.411137,22.2248,0.9056,0.305363,851.38,7.77
4/29/26 17:56,run_576,576,client_3,tls_pftlstyle,localhost:50052,15,1,1.795037,0.00239,20.427845,22.225273,0.9056,0.305363,819.64,7.66
4/29/26 17:56,run_576,576,client_0,tls_pftlstyle,localhost:50052,15,1,2.307315,0.003454,19.963453,22.274222,0.9056,0.305363,891.5,7.57
4/29/26 18:12,run_444,444,client_1,tls_pftlstyle,localhost:50052,15,1,2.389308,0.002743,20.458015,22.850066,0.9151,0.288045,849.47,7.32
4/29/26 18:12,run_444,444,client_2,tls_pftlstyle,localhost:50052,15,1,2.060022,0.003181,20.801741,22.864944,0.9151,0.288045,849.39,7.53
4/29/26 18:12,run_444,444,client_0,tls_pftlstyle,localhost:50052,15,1,2.797839,0.002875,20.018122,22.818836,0.9151,0.288045,777.81,7.48
4/29/26 18:12,run_444,444,client_5,tls_pftlstyle,localhost:50052,15,1,1.800771,0.004144,21.036112,22.841026,0.9151,0.288045,864.38,7.36
4/29/26 18:12,run_444,444,client_4,tls_pftlstyle,localhost:50052,15,1,2.717276,0.00215,20.075591,22.795017,0.9151,0.288045,860.27,7.47
4/29/26 18:12,run_444,444,client_3,tls_pftlstyle,localhost:50052,15,1,2.285525,0.003324,20.56777,22.856619,0.9151,0.288045,852.33,7.34
4/29/26 18:19,run_90,90,client_0,tls_pftlstyle,localhost:50052,15,1,3.178471,0.002364,19.224969,22.405804,0.9123,0.289286,882.56,7.75
4/29/26 18:19,run_90,90,client_5,tls_pftlstyle,localhost:50052,15,1,3.15777,0.002634,19.245819,22.406223,0.9123,0.289286,848.2,7.62
4/29/26 18:19,run_90,90,client_2,tls_pftlstyle,localhost:50052,15,1,4.54469,0.002823,17.88252,22.430034,0.9123,0.289286,805.44,7.82
4/29/26 18:19,run_90,90,client_4,tls_pftlstyle,localhost:50052,15,1,1.429545,0.002848,21.017609,22.450002,0.9123,0.289286,845.69,7.55
4/29/26 18:19,run_90,90,client_3,tls_pftlstyle,localhost:50052,15,1,3.403865,0.002245,19.016665,22.422775,0.9123,0.289286,852.81,7.67
4/29/26 18:19,run_90,90,client_1,tls_pftlstyle,localhost:50052,15,1,2.670829,0.003087,19.774439,22.448356,0.9123,0.289286,797.28,7.57
4/29/26 18:25,run_109,109,client_4,tls_pftlstyle,localhost:50052,15,1,1.734438,0.00397,20.549406,22.287814,0.913,0.290359,820.11,7.59
4/29/26 18:25,run_109,109,client_3,tls_pftlstyle,localhost:50052,15,1,1.978356,0.002337,20.275731,22.256424,0.913,0.290359,857.3,7.47
4/29/26 18:25,run_109,109,client_0,tls_pftlstyle,localhost:50052,15,1,2.32582,0.002715,19.887438,22.215973,0.913,0.290359,884.62,7.45
4/29/26 18:25,run_109,109,client_2,tls_pftlstyle,localhost:50052,15,1,2.49124,0.004732,19.768241,22.264213,0.913,0.290359,856.33,7.56
4/29/26 18:25,run_109,109,client_1,tls_pftlstyle,localhost:50052,15,1,2.384523,0.002348,19.872639,22.259509,0.913,0.290359,855.69,7.42
4/29/26 18:25,run_109,109,client_5,tls_pftlstyle,localhost:50052,15,1,2.527114,0.00268,19.747358,22.277153,0.913,0.290359,848.28,7.5