server_round,client_id,bytes_received_update,bytes_sent_global,num_samples,round_duration_sec,timestamp
0,client_0,4995,9467,60000,45.645258,2026-03-01 20:09:36
0,client_1,4995,9467,60000,45.645258,2026-03-01 20:09:36
0,client_2,4995,9467,60000,45.645258,2026-03-01 20:09:36
0,client_3,4995,9467,60000,45.645258,2026-03-01 20:09:36
0,client_4,4995,9467,60000,45.645258,2026-03-01 20:09:36
0,client_5,4995,9467,60000,45.645258,2026-03-01 20:09:36
1,client_3,4995,9467,60000,7.664843,2026-03-01 20:09:44
1,client_5,4995,9467,60000,7.664843,2026-03-01 20:09:44
1,client_2,4995,9467,60000,7.664843,2026-03-01 20:09:44
1,client_0,4995,9467,60000,7.664843,2026-03-01 20:09:44
1,client_4,4995,9467,60000,7.664843,2026-03-01 20:09:44
1,client_1,4995,9467,60000,7.664843,2026-03-01 20:09:44
2,client_1,4995,9467,60000,0.702101,2026-03-01 20:09:51
2,client_2,4995,9467,60000,0.702101,2026-03-01 20:09:51
2,client_5,4995,9467,60000,0.702101,2026-03-01 20:09:51
2,client_3,4995,9467,60000,0.702101,2026-03-01 20:09:51
2,client_4,4995,9467,60000,0.702101,2026-03-01 20:09:51
2,client_0,4995,9467,60000,0.702101,2026-03-01 20:09:51
3,client_0,4995,9467,60000,0.793065,2026-03-01 20:09:59
3,client_1,4995,9467,60000,0.793065,2026-03-01 20:09:59
3,client_2,4995,9467,60000,0.793065,2026-03-01 20:09:59
3,client_3,4995,9467,60000,0.793065,2026-03-01 20:09:59
3,client_5,4995,9467,60000,0.793065,2026-03-01 20:09:59
3,client_4,4995,9467,60000,0.793065,2026-03-01 20:09:59
4,client_4,4995,9467,60000,0.761836,2026-03-01 20:10:07
4,client_0,4995,9467,60000,0.761836,2026-03-01 20:10:07
4,client_2,4995,9467,60000,0.761836,2026-03-01 20:10:07
4,client_3,4995,9467,60000,0.761836,2026-03-01 20:10:07
4,client_1,4995,9467,60000,0.761836,2026-03-01 20:10:07
4,client_5,4995,9467,60000,0.761836,2026-03-01 20:10:07
5,client_5,4995,9467,60000,0.790075,2026-03-01 20:10:15
5,client_0,4995,9467,60000,0.790075,2026-03-01 20:10:15
5,client_4,4995,9467,60000,0.790075,2026-03-01 20:10:15
5,client_2,4995,9467,60000,0.790075,2026-03-01 20:10:15
5,client_3,4995,9467,60000,0.790075,2026-03-01 20:10:15
5,client_1,4995,9467,60000,0.790075,2026-03-01 20:10:15
6,client_1,4995,9467,60000,3.479626,2026-03-01 20:10:26
6,client_0,4995,9467,60000,3.479626,2026-03-01 20:10:26
6,client_4,4995,9467,60000,3.479626,2026-03-01 20:10:26
6,client_2,4995,9467,60000,3.479626,2026-03-01 20:10:26
6,client_3,4995,9467,60000,3.479626,2026-03-01 20:10:26
6,client_5,4995,9467,60000,3.479626,2026-03-01 20:10:26
7,client_5,4995,9467,60000,2.862663,2026-03-01 20:10:36
7,client_0,4995,9467,60000,2.862663,2026-03-01 20:10:36
7,client_4,4995,9467,60000,2.862663,2026-03-01 20:10:36
7,client_2,4995,9467,60000,2.862663,2026-03-01 20:10:36
7,client_3,4995,9467,60000,2.862663,2026-03-01 20:10:36
7,client_1,4995,9467,60000,2.862663,2026-03-01 20:10:36
8,client_1,4995,9467,60000,0.646297,2026-03-01 20:10:44
8,client_5,4995,9467,60000,0.646297,2026-03-01 20:10:44
8,client_4,4995,9467,60000,0.646297,2026-03-01 20:10:44
8,client_0,4995,9467,60000,0.646297,2026-03-01 20:10:44
8,client_2,4995,9467,60000,0.646297,2026-03-01 20:10:44
8,client_3,4995,9467,60000,0.646297,2026-03-01 20:10:44
9,client_3,4995,9467,60000,0.790766,2026-03-01 20:10:52
9,client_5,4995,9467,60000,0.790766,2026-03-01 20:10:52
9,client_4,4995,9467,60000,0.790766,2026-03-01 20:10:52
9,client_1,4995,9467,60000,0.790766,2026-03-01 20:10:52
9,client_0,4995,9467,60000,0.790766,2026-03-01 20:10:52
9,client_2,4995,9467,60000,0.790766,2026-03-01 20:10:52
10,client_2,4995,9467,60000,0.762349,2026-03-01 20:11:00
10,client_5,4995,9467,60000,0.762349,2026-03-01 20:11:00
10,client_3,4995,9467,60000,0.762349,2026-03-01 20:11:00
10,client_4,4995,9467,60000,0.762349,2026-03-01 20:11:00
10,client_0,4995,9467,60000,0.762349,2026-03-01 20:11:00
10,client_1,4995,9467,60000,0.762349,2026-03-01 20:11:00
11,client_1,4995,9467,60000,0.511670,2026-03-01 20:11:08
11,client_2,4995,9467,60000,0.511670,2026-03-01 20:11:08
11,client_5,4995,9467,60000,0.511670,2026-03-01 20:11:08
11,client_3,4995,9467,60000,0.511670,2026-03-01 20:11:08
11,client_4,4995,9467,60000,0.511670,2026-03-01 20:11:08
11,client_0,4995,9467,60000,0.511670,2026-03-01 20:11:08
12,client_0,4995,9467,60000,0.805481,2026-03-01 20:11:16
12,client_2,4995,9467,60000,0.805481,2026-03-01 20:11:16
12,client_1,4995,9467,60000,0.805481,2026-03-01 20:11:16
12,client_3,4995,9467,60000,0.805481,2026-03-01 20:11:16
12,client_5,4995,9467,60000,0.805481,2026-03-01 20:11:16
12,client_4,4995,9467,60000,0.805481,2026-03-01 20:11:16
13,client_4,4995,9467,60000,0.673697,2026-03-01 20:11:24
13,client_0,4995,9467,60000,0.673697,2026-03-01 20:11:24
13,client_2,4995,9467,60000,0.673697,2026-03-01 20:11:24
13,client_1,4995,9467,60000,0.673697,2026-03-01 20:11:24
13,client_3,4995,9467,60000,0.673697,2026-03-01 20:11:24
13,client_5,4995,9467,60000,0.673697,2026-03-01 20:11:24
14,client_5,4995,9467,60000,0.495994,2026-03-01 20:11:31
14,client_0,4995,9467,60000,0.495994,2026-03-01 20:11:31
14,client_4,4995,9467,60000,0.495994,2026-03-01 20:11:31
14,client_1,4995,9467,60000,0.495994,2026-03-01 20:11:31
14,client_2,4995,9467,60000,0.495994,2026-03-01 20:11:31
14,client_3,4995,9467,60000,0.495994,2026-03-01 20:11:31
15,client_5,4995,9467,60000,0.602208,2026-03-01 20:11:39
15,client_3,4995,9467,60000,0.602208,2026-03-01 20:11:39
15,client_1,4995,9467,60000,0.602208,2026-03-01 20:11:39
15,client_4,4995,9467,60000,0.602208,2026-03-01 20:11:39
15,client_0,4995,9467,60000,0.602208,2026-03-01 20:11:39
15,client_2,4995,9467,60000,0.602208,2026-03-01 20:11:39
16,client_2,4995,9467,60000,0.555011,2026-03-01 20:11:47
16,client_3,4995,9467,60000,0.555011,2026-03-01 20:11:47
16,client_4,4995,9467,60000,0.555011,2026-03-01 20:11:47
16,client_5,4995,9467,60000,0.555011,2026-03-01 20:11:47
16,client_0,4995,9467,60000,0.555011,2026-03-01 20:11:47
16,client_1,4995,9467,60000,0.555011,2026-03-01 20:11:47
17,client_3,4995,9467,60000,0.553764,2026-03-01 20:11:55
17,client_1,4995,9467,60000,0.553764,2026-03-01 20:11:55
17,client_4,4995,9467,60000,0.553764,2026-03-01 20:11:55
17,client_0,4995,9467,60000,0.553764,2026-03-01 20:11:55
17,client_2,4995,9467,60000,0.553764,2026-03-01 20:11:55
17,client_5,4995,9467,60000,0.553764,2026-03-01 20:11:55
18,client_5,4995,9467,60000,0.979890,2026-03-01 20:12:04
18,client_2,4995,9467,60000,0.979890,2026-03-01 20:12:04
18,client_0,4995,9467,60000,0.979890,2026-03-01 20:12:04
18,client_1,4995,9467,60000,0.979890,2026-03-01 20:12:04
18,client_4,4995,9467,60000,0.979890,2026-03-01 20:12:04
18,client_3,4995,9467,60000,0.979890,2026-03-01 20:12:04
19,client_3,4995,9467,60000,0.565181,2026-03-01 20:12:12
19,client_5,4995,9467,60000,0.565181,2026-03-01 20:12:12
19,client_1,4995,9467,60000,0.565181,2026-03-01 20:12:12
19,client_4,4995,9467,60000,0.565181,2026-03-01 20:12:12
19,client_2,4995,9467,60000,0.565181,2026-03-01 20:12:12
19,client_0,4995,9467,60000,0.565181,2026-03-01 20:12:12
20,client_1,4995,9467,60000,2.559360,2026-03-01 20:12:23
20,client_3,4995,9467,60000,2.559360,2026-03-01 20:12:23
20,client_2,4995,9467,60000,2.559360,2026-03-01 20:12:23
20,client_4,4995,9467,60000,2.559360,2026-03-01 20:12:23
20,client_5,4995,9467,60000,2.559360,2026-03-01 20:12:23
20,client_0,4995,9467,60000,2.559360,2026-03-01 20:12:23
21,client_4,4995,9467,60000,7.874157,2026-03-01 20:12:30
21,client_5,4995,9467,60000,7.874157,2026-03-01 20:12:30
21,client_0,4995,9467,60000,7.874157,2026-03-01 20:12:30
21,client_3,4995,9467,60000,7.874157,2026-03-01 20:12:30
21,client_2,4995,9467,60000,7.874157,2026-03-01 20:12:30
21,client_1,4995,9467,60000,7.874157,2026-03-01 20:12:30
22,client_1,4995,9467,60000,0.552784,2026-03-01 20:12:39
22,client_4,4995,9467,60000,0.552784,2026-03-01 20:12:39
22,client_0,4995,9467,60000,0.552784,2026-03-01 20:12:39
22,client_5,4995,9467,60000,0.552784,2026-03-01 20:12:39
22,client_2,4995,9467,60000,0.552784,2026-03-01 20:12:39
22,client_3,4995,9467,60000,0.552784,2026-03-01 20:12:39
23,client_4,4995,9467,60000,0.487133,2026-03-01 20:12:47
23,client_3,4995,9467,60000,0.487133,2026-03-01 20:12:47
23,client_0,4995,9467,60000,0.487133,2026-03-01 20:12:47
23,client_1,4995,9467,60000,0.487133,2026-03-01 20:12:47
23,client_5,4995,9467,60000,0.487133,2026-03-01 20:12:47
23,client_2,4995,9467,60000,0.487133,2026-03-01 20:12:47
24,client_4,4995,9467,60000,0.498874,2026-03-01 20:12:55
24,client_2,4995,9467,60000,0.498874,2026-03-01 20:12:55
24,client_3,4995,9467,60000,0.498874,2026-03-01 20:12:55
24,client_1,4995,9467,60000,0.498874,2026-03-01 20:12:55
24,client_0,4995,9467,60000,0.498874,2026-03-01 20:12:55
24,client_5,4995,9467,60000,0.498874,2026-03-01 20:12:55
25,client_4,4995,9467,60000,0.449982,2026-03-01 20:13:03
25,client_3,4995,9467,60000,0.449982,2026-03-01 20:13:03
25,client_5,4995,9467,60000,0.449982,2026-03-01 20:13:03
25,client_2,4995,9467,60000,0.449982,2026-03-01 20:13:03
25,client_1,4995,9467,60000,0.449982,2026-03-01 20:13:03
25,client_0,4995,9467,60000,0.449982,2026-03-01 20:13:03
26,client_4,4995,9467,60000,0.229832,2026-03-01 20:13:10
26,client_0,4995,9467,60000,0.229832,2026-03-01 20:13:10
26,client_3,4995,9467,60000,0.229832,2026-03-01 20:13:10
26,client_1,4995,9467,60000,0.229832,2026-03-01 20:13:10
26,client_5,4995,9467,60000,0.229832,2026-03-01 20:13:10
26,client_2,4995,9467,60000,0.229832,2026-03-01 20:13:10
27,client_2,4995,9467,60000,0.778034,2026-03-01 20:13:18
27,client_4,4995,9467,60000,0.778034,2026-03-01 20:13:18
27,client_0,4995,9467,60000,0.778034,2026-03-01 20:13:18
27,client_3,4995,9467,60000,0.778034,2026-03-01 20:13:18
27,client_5,4995,9467,60000,0.778034,2026-03-01 20:13:18
27,client_1,4995,9467,60000,0.778034,2026-03-01 20:13:18
0,client_1,1923,3323,60000,50.287997,2026-03-01 20:21:01
0,client_2,1923,3323,60000,50.287997,2026-03-01 20:21:01
0,client_3,1923,3323,60000,50.287997,2026-03-01 20:21:01
0,client_4,1923,3323,60000,50.287997,2026-03-01 20:21:01
0,client_5,1923,3323,60000,50.287997,2026-03-01 20:21:01
0,client_0,1923,3323,60000,50.287997,2026-03-01 20:21:01
1,client_4,1923,3323,60000,2.708405,2026-03-01 20:21:11
1,client_5,1923,3323,60000,2.708405,2026-03-01 20:21:11
1,client_1,1923,3323,60000,2.708405,2026-03-01 20:21:11
1,client_3,1923,3323,60000,2.708405,2026-03-01 20:21:11
1,client_2,1923,3323,60000,2.708405,2026-03-01 20:21:11
1,client_0,1923,3323,60000,2.708405,2026-03-01 20:21:11
2,client_0,1923,3323,60000,0.475560,2026-03-01 20:21:20
2,client_5,1923,3323,60000,0.475560,2026-03-01 20:21:20
2,client_3,1923,3323,60000,0.475560,2026-03-01 20:21:20
2,client_2,1923,3323,60000,0.475560,2026-03-01 20:21:20
2,client_4,1923,3323,60000,0.475560,2026-03-01 20:21:20
2,client_1,1923,3323,60000,0.475560,2026-03-01 20:21:20
3,client_1,1923,3323,60000,0.765875,2026-03-01 20:21:28
3,client_0,1923,3323,60000,0.765875,2026-03-01 20:21:28
3,client_5,1923,3323,60000,0.765875,2026-03-01 20:21:28
3,client_3,1923,3323,60000,0.765875,2026-03-01 20:21:28
3,client_2,1923,3323,60000,0.765875,2026-03-01 20:21:28
3,client_4,1923,3323,60000,0.765875,2026-03-01 20:21:28
4,client_4,1923,3323,60000,0.807287,2026-03-01 20:21:36
4,client_0,1923,3323,60000,0.807287,2026-03-01 20:21:36
4,client_1,1923,3323,60000,0.807287,2026-03-01 20:21:36
4,client_5,1923,3323,60000,0.807287,2026-03-01 20:21:36
4,client_3,1923,3323,60000,0.807287,2026-03-01 20:21:36
4,client_2,1923,3323,60000,0.807287,2026-03-01 20:21:36
5,client_2,1923,3323,60000,0.788110,2026-03-01 20:21:43
5,client_4,1923,3323,60000,0.788110,2026-03-01 20:21:43
5,client_0,1923,3323,60000,0.788110,2026-03-01 20:21:43
5,client_5,1923,3323,60000,0.788110,2026-03-01 20:21:43
5,client_1,1923,3323,60000,0.788110,2026-03-01 20:21:43
5,client_3,1923,3323,60000,0.788110,2026-03-01 20:21:43
6,client_3,1923,3323,60000,1.061971,2026-03-01 20:21:52
6,client_2,1923,3323,60000,1.061971,2026-03-01 20:21:52
6,client_4,1923,3323,60000,1.061971,2026-03-01 20:21:52
6,client_5,1923,3323,60000,1.061971,2026-03-01 20:21:52
6,client_0,1923,3323,60000,1.061971,2026-03-01 20:21:52
6,client_1,1923,3323,60000,1.061971,2026-03-01 20:21:52
7,client_1,1923,3323,60000,0.917332,2026-03-01 20:22:00
7,client_2,1923,3323,60000,0.917332,2026-03-01 20:22:00
7,client_4,1923,3323,60000,0.917332,2026-03-01 20:22:00
7,client_0,1923,3323,60000,0.917332,2026-03-01 20:22:00
7,client_3,1923,3323,60000,0.917332,2026-03-01 20:22:00
7,client_5,1923,3323,60000,0.917332,2026-03-01 20:22:00
8,client_5,1923,3323,60000,0.312988,2026-03-01 20:22:08
8,client_4,1923,3323,60000,0.312988,2026-03-01 20:22:08
8,client_1,1923,3323,60000,0.312988,2026-03-01 20:22:08
8,client_3,1923,3323,60000,0.312988,2026-03-01 20:22:08
8,client_2,1923,3323,60000,0.312988,2026-03-01 20:22:08
8,client_0,1923,3323,60000,0.312988,2026-03-01 20:22:08
9,client_0,1923,3323,60000,1.196179,2026-03-01 20:22:17
9,client_5,1923,3323,60000,1.196179,2026-03-01 20:22:17
9,client_4,1923,3323,60000,1.196179,2026-03-01 20:22:17
9,client_3,1923,3323,60000,1.196179,2026-03-01 20:22:17
9,client_1,1923,3323,60000,1.196179,2026-03-01 20:22:17
9,client_2,1923,3323,60000,1.196179,2026-03-01 20:22:17
0,client_0,1923,3323,60000,60.184959,2026-03-01 20:25:22
0,client_1,1923,3323,60000,60.184959,2026-03-01 20:25:22
0,client_2,1923,3323,60000,60.184959,2026-03-01 20:25:22
0,client_3,1923,3323,60000,60.184959,2026-03-01 20:25:22
0,client_4,1923,3323,60000,60.184959,2026-03-01 20:25:22
0,client_5,1923,3323,60000,60.184959,2026-03-01 20:25:22
1,client_5,1923,3323,60000,1.017542,2026-03-01 20:25:31
1,client_0,1923,3323,60000,1.017542,2026-03-01 20:25:31
1,client_4,1923,3323,60000,1.017542,2026-03-01 20:25:31
1,client_2,1923,3323,60000,1.017542,2026-03-01 20:25:31
1,client_3,1923,3323,60000,1.017542,2026-03-01 20:25:31
1,client_1,1923,3323,60000,1.017542,2026-03-01 20:25:31
2,client_1,1923,3323,60000,3.067179,2026-03-01 20:25:41
2,client_3,1923,3323,60000,3.067179,2026-03-01 20:25:41
2,client_4,1923,3323,60000,3.067179,2026-03-01 20:25:41
2,client_2,1923,3323,60000,3.067179,2026-03-01 20:25:41
2,client_5,1923,3323,60000,3.067179,2026-03-01 20:25:41
2,client_0,1923,3323,60000,3.067179,2026-03-01 20:25:41
3,client_0,1923,3323,60000,0.495443,2026-03-01 20:25:49
3,client_2,1923,3323,60000,0.495443,2026-03-01 20:25:49
3,client_4,1923,3323,60000,0.495443,2026-03-01 20:25:49
3,client_5,1923,3323,60000,0.495443,2026-03-01 20:25:49
3,client_3,1923,3323,60000,0.495443,2026-03-01 20:25:49
3,client_1,1923,3323,60000,0.495443,2026-03-01 20:25:49
4,client_1,1923,3323,60000,0.637199,2026-03-01 20:25:56
4,client_0,1923,3323,60000,0.637199,2026-03-01 20:25:56
4,client_2,1923,3323,60000,0.637199,2026-03-01 20:25:56
4,client_5,1923,3323,60000,0.637199,2026-03-01 20:25:56
4,client_4,1923,3323,60000,0.637199,2026-03-01 20:25:56
4,client_3,1923,3323,60000,0.637199,2026-03-01 20:25:56
5,client_3,1923,3323,60000,0.800195,2026-03-01 20:26:04
5,client_0,1923,3323,60000,0.800195,2026-03-01 20:26:04
5,client_2,1923,3323,60000,0.800195,2026-03-01 20:26:04
5,client_1,1923,3323,60000,0.800195,2026-03-01 20:26:04
5,client_5,1923,3323,60000,0.800195,2026-03-01 20:26:04
5,client_4,1923,3323,60000,0.800195,2026-03-01 20:26:04
6,client_4,1923,3323,60000,0.772595,2026-03-01 20:26:12
6,client_0,1923,3323,60000,0.772595,2026-03-01 20:26:12
6,client_3,1923,3323,60000,0.772595,2026-03-01 20:26:12
6,client_2,1923,3323,60000,0.772595,2026-03-01 20:26:12
6,client_1,1923,3323,60000,0.772595,2026-03-01 20:26:12
6,client_5,1923,3323,60000,0.772595,2026-03-01 20:26:12
7,client_5,1923,3323,60000,3.889028,2026-03-01 20:26:23
7,client_4,1923,3323,60000,3.889028,2026-03-01 20:26:23
7,client_3,1923,3323,60000,3.889028,2026-03-01 20:26:23
7,client_2,1923,3323,60000,3.889028,2026-03-01 20:26:23
7,client_1,1923,3323,60000,3.889028,2026-03-01 20:26:23
7,client_0,1923,3323,60000,3.889028,2026-03-01 20:26:23
8,client_3,1923,3323,60000,7.491042,2026-03-01 20:26:30
8,client_0,1923,3323,60000,7.491042,2026-03-01 20:26:30
8,client_2,1923,3323,60000,7.491042,2026-03-01 20:26:30
8,client_1,1923,3323,60000,7.491042,2026-03-01 20:26:30
8,client_4,1923,3323,60000,7.491042,2026-03-01 20:26:30
8,client_5,1923,3323,60000,7.491042,2026-03-01 20:26:30
9,client_5,1923,3323,60000,0.496996,2026-03-01 20:26:38
9,client_0,1923,3323,60000,0.496996,2026-03-01 20:26:38
9,client_3,1923,3323,60000,0.496996,2026-03-01 20:26:38
9,client_2,1923,3323,60000,0.496996,2026-03-01 20:26:38
9,client_1,1923,3323,60000,0.496996,2026-03-01 20:26:38
9,client_4,1923,3323,60000,0.496996,2026-03-01 20:26:38
10,client_4,1923,3323,60000,0.447410,2026-03-01 20:26:45
10,client_5,1923,3323,60000,0.447410,2026-03-01 20:26:45
10,client_0,1923,3323,60000,0.447410,2026-03-01 20:26:45
10,client_3,1923,3323,60000,0.447410,2026-03-01 20:26:45
10,client_2,1923,3323,60000,0.447410,2026-03-01 20:26:45
10,client_1,1923,3323,60000,0.447410,2026-03-01 20:26:45
11,client_1,1923,3323,60000,0.532774,2026-03-01 20:26:53
11,client_4,1923,3323,60000,0.532774,2026-03-01 20:26:53
11,client_5,1923,3323,60000,0.532774,2026-03-01 20:26:53
11,client_0,1923,3323,60000,0.532774,2026-03-01 20:26:53
11,client_3,1923,3323,60000,0.532774,2026-03-01 20:26:53
11,client_2,1923,3323,60000,0.532774,2026-03-01 20:26:53
12,client_2,1923,3323,60000,0.970202,2026-03-01 20:27:01
12,client_4,1923,3323,60000,0.970202,2026-03-01 20:27:01
12,client_5,1923,3323,60000,0.970202,2026-03-01 20:27:01
12,client_0,1923,3323,60000,0.970202,2026-03-01 20:27:01
12,client_3,1923,3323,60000,0.970202,2026-03-01 20:27:01
12,client_1,1923,3323,60000,0.970202,2026-03-01 20:27:01
13,client_1,1923,3323,60000,0.610609,2026-03-01 20:27:09
13,client_2,1923,3323,60000,0.610609,2026-03-01 20:27:09
13,client_4,1923,3323,60000,0.610609,2026-03-01 20:27:09
13,client_3,1923,3323,60000,0.610609,2026-03-01 20:27:09
13,client_5,1923,3323,60000,0.610609,2026-03-01 20:27:09
13,client_0,1923,3323,60000,0.610609,2026-03-01 20:27:09
14,client_0,1923,3323,60000,1.305326,2026-03-01 20:27:17
14,client_2,1923,3323,60000,1.305326,2026-03-01 20:27:17
14,client_5,1923,3323,60000,1.305326,2026-03-01 20:27:17
14,client_3,1923,3323,60000,1.305326,2026-03-01 20:27:17
14,client_1,1923,3323,60000,1.305326,2026-03-01 20:27:17
14,client_4,1923,3323,60000,1.305326,2026-03-01 20:27:17
15,client_4,1923,3323,60000,1.019303,2026-03-01 20:27:25
15,client_0,1923,3323,60000,1.019303,2026-03-01 20:27:25
15,client_2,1923,3323,60000,1.019303,2026-03-01 20:27:25
15,client_3,1923,3323,60000,1.019303,2026-03-01 20:27:25
15,client_5,1923,3323,60000,1.019303,2026-03-01 20:27:25
15,client_1,1923,3323,60000,1.019303,2026-03-01 20:27:25
16,client_1,1923,3323,60000,0.872408,2026-03-01 20:27:33
16,client_0,1923,3323,60000,0.872408,2026-03-01 20:27:33
16,client_2,1923,3323,60000,0.872408,2026-03-01 20:27:33
16,client_3,1923,3323,60000,0.872408,2026-03-01 20:27:33
16,client_5,1923,3323,60000,0.872408,2026-03-01 20:27:33
16,client_4,1923,3323,60000,0.872408,2026-03-01 20:27:33
17,client_4,1923,3323,60000,0.762893,2026-03-01 20:27:41
17,client_1,1923,3323,60000,0.762893,2026-03-01 20:27:41
17,client_0,1923,3323,60000,0.762893,2026-03-01 20:27:41
17,client_3,1923,3323,60000,0.762893,2026-03-01 20:27:41
17,client_2,1923,3323,60000,0.762893,2026-03-01 20:27:41
17,client_5,1923,3323,60000,0.762893,2026-03-01 20:27:41
18,client_5,1923,3323,60000,0.807083,2026-03-01 20:27:49
18,client_1,1923,3323,60000,0.807083,2026-03-01 20:27:49
18,client_0,1923,3323,60000,0.807083,2026-03-01 20:27:49
18,client_4,1923,3323,60000,0.807083,2026-03-01 20:27:49
18,client_3,1923,3323,60000,0.807083,2026-03-01 20:27:49
18,client_2,1923,3323,60000,0.807083,2026-03-01 20:27:49
19,client_2,1923,3323,60000,0.920585,2026-03-01 20:27:57
19,client_5,1923,3323,60000,0.920585,2026-03-01 20:27:57
19,client_0,1923,3323,60000,0.920585,2026-03-01 20:27:57
19,client_3,1923,3323,60000,0.920585,2026-03-01 20:27:57
19,client_4,1923,3323,60000,0.920585,2026-03-01 20:27:57
19,client_1,1923,3323,60000,0.920585,2026-03-01 20:27:57
20,client_1,1923,3323,60000,0.709554,2026-03-01 20:28:04
20,client_2,1923,3323,60000,0.709554,2026-03-01 20:28:04
20,client_3,1923,3323,60000,0.709554,2026-03-01 20:28:04
20,client_5,1923,3323,60000,0.709554,2026-03-01 20:28:04
20,client_0,1923,3323,60000,0.709554,2026-03-01 20:28:04
20,client_4,1923,3323,60000,0.709554,2026-03-01 20:28:04
21,client_4,1923,3323,60000,0.734204,2026-03-01 20:28:12
21,client_2,1923,3323,60000,0.734204,2026-03-01 20:28:12
21,client_1,1923,3323,60000,0.734204,2026-03-01 20:28:12
21,client_0,1923,3323,60000,0.734204,2026-03-01 20:28:12
21,client_3,1923,3323,60000,0.734204,2026-03-01 20:28:12
21,client_5,1923,3323,60000,0.734204,2026-03-01 20:28:12
22,client_5,1923,3323,60000,0.769078,2026-03-01 20:28:21
22,client_2,1923,3323,60000,0.769078,2026-03-01 20:28:21
22,client_4,1923,3323,60000,0.769078,2026-03-01 20:28:21
22,client_0,1923,3323,60000,0.769078,2026-03-01 20:28:21
22,client_3,1923,3323,60000,0.769078,2026-03-01 20:28:21
22,client_1,1923,3323,60000,0.769078,2026-03-01 20:28:21
23,client_1,1923,3323,60000,0.861808,2026-03-01 20:28:29
23,client_5,1923,3323,60000,0.861808,2026-03-01 20:28:29
23,client_4,1923,3323,60000,0.861808,2026-03-01 20:28:29
23,client_2,1923,3323,60000,0.861808,2026-03-01 20:28:29
23,client_3,1923,3323,60000,0.861808,2026-03-01 20:28:29
23,client_0,1923,3323,60000,0.861808,2026-03-01 20:28:29
24,client_0,1923,3323,60000,1.265778,2026-03-01 20:28:38
24,client_5,1923,3323,60000,1.265778,2026-03-01 20:28:38
24,client_1,1923,3323,60000,1.265778,2026-03-01 20:28:38
24,client_4,1923,3323,60000,1.265778,2026-03-01 20:28:38
24,client_3,1923,3323,60000,1.265778,2026-03-01 20:28:38
24,client_2,1923,3323,60000,1.265778,2026-03-01 20:28:38
0,client_0,1923,3323,60000,47.410712,2026-03-01 20:39:17
0,client_1,1923,3323,60000,47.410712,2026-03-01 20:39:17
0,client_2,1923,3323,60000,47.410712,2026-03-01 20:39:17
0,client_3,1923,3323,60000,47.410712,2026-03-01 20:39:17
0,client_4,1923,3323,60000,47.410712,2026-03-01 20:39:17
0,client_5,1923,3323,60000,47.410712,2026-03-01 20:39:17
1,client_5,1923,3323,60000,0.358674,2026-03-01 20:39:25
1,client_4,1923,3323,60000,0.358674,2026-03-01 20:39:25
1,client_3,1923,3323,60000,0.358674,2026-03-01 20:39:25
1,client_1,1923,3323,60000,0.358674,2026-03-01 20:39:25
1,client_2,1923,3323,60000,0.358674,2026-03-01 20:39:25
1,client_0,1923,3323,60000,0.358674,2026-03-01 20:39:25
2,client_0,1923,3323,60000,3.083166,2026-03-01 20:39:35
2,client_4,1923,3323,60000,3.083166,2026-03-01 20:39:35
2,client_3,1923,3323,60000,3.083166,2026-03-01 20:39:35
2,client_5,1923,3323,60000,3.083166,2026-03-01 20:39:35
2,client_2,1923,3323,60000,3.083166,2026-03-01 20:39:35
2,client_1,1923,3323,60000,3.083166,2026-03-01 20:39:35
3,client_1,1923,3323,60000,0.230807,2026-03-01 20:39:43
3,client_2,1923,3323,60000,0.230807,2026-03-01 20:39:43
3,client_5,1923,3323,60000,0.230807,2026-03-01 20:39:43
3,client_3,1923,3323,60000,0.230807,2026-03-01 20:39:43
3,client_4,1923,3323,60000,0.230807,2026-03-01 20:39:43
3,client_0,1923,3323,60000,0.230807,2026-03-01 20:39:43
4,client_1,1923,3323,60000,0.348471,2026-03-01 20:39:50
4,client_0,1923,3323,60000,0.348471,2026-03-01 20:39:50
4,client_4,1923,3323,60000,0.348471,2026-03-01 20:39:50
4,client_2,1923,3323,60000,0.348471,2026-03-01 20:39:50
4,client_3,1923,3323,60000,0.348471,2026-03-01 20:39:50
4,client_5,1923,3323,60000,0.348471,2026-03-01 20:39:50
5,client_1,1923,3323,60000,2.852589,2026-03-01 20:40:01
5,client_4,1923,3323,60000,2.852589,2026-03-01 20:40:01
5,client_2,1923,3323,60000,2.852589,2026-03-01 20:40:01
5,client_0,1923,3323,60000,2.852589,2026-03-01 20:40:01
5,client_3,1923,3323,60000,2.852589,2026-03-01 20:40:01
5,client_5,1923,3323,60000,2.852589,2026-03-01 20:40:01
6,client_0,1923,3323,60000,0.219752,2026-03-01 20:40:08
6,client_5,1923,3323,60000,0.219752,2026-03-01 20:40:08
6,client_2,1923,3323,60000,0.219752,2026-03-01 20:40:08
6,client_3,1923,3323,60000,0.219752,2026-03-01 20:40:08
6,client_1,1923,3323,60000,0.219752,2026-03-01 20:40:08
6,client_4,1923,3323,60000,0.219752,2026-03-01 20:40:08
7,client_5,1923,3323,60000,0.184296,2026-03-01 20:40:16
7,client_4,1923,3323,60000,0.184296,2026-03-01 20:40:16
7,client_0,1923,3323,60000,0.184296,2026-03-01 20:40:16
7,client_3,1923,3323,60000,0.184296,2026-03-01 20:40:16
7,client_2,1923,3323,60000,0.184296,2026-03-01 20:40:16
7,client_1,1923,3323,60000,0.184296,2026-03-01 20:40:16
8,client_1,1923,3323,60000,0.492669,2026-03-01 20:40:23
8,client_4,1923,3323,60000,0.492669,2026-03-01 20:40:23
8,client_5,1923,3323,60000,0.492669,2026-03-01 20:40:23
8,client_0,1923,3323,60000,0.492669,2026-03-01 20:40:23
8,client_3,1923,3323,60000,0.492669,2026-03-01 20:40:23
8,client_2,1923,3323,60000,0.492669,2026-03-01 20:40:23
9,client_2,1923,3323,60000,0.302539,2026-03-01 20:40:31
9,client_1,1923,3323,60000,0.302539,2026-03-01 20:40:31
9,client_5,1923,3323,60000,0.302539,2026-03-01 20:40:31
9,client_4,1923,3323,60000,0.302539,2026-03-01 20:40:31
9,client_0,1923,3323,60000,0.302539,2026-03-01 20:40:31
9,client_3,1923,3323,60000,0.302539,2026-03-01 20:40:31
10,client_1,1923,3323,60000,0.161166,2026-03-01 20:40:38
10,client_3,1923,3323,60000,0.161166,2026-03-01 20:40:38
10,client_2,1923,3323,60000,0.161166,2026-03-01 20:40:38
10,client_5,1923,3323,60000,0.161166,2026-03-01 20:40:38
10,client_4,1923,3323,60000,0.161166,2026-03-01 20:40:38
10,client_0,1923,3323,60000,0.161166,2026-03-01 20:40:38
11,client_0,1923,3323,60000,0.414021,2026-03-01 20:40:46
11,client_1,1923,3323,60000,0.414021,2026-03-01 20:40:46
11,client_2,1923,3323,60000,0.414021,2026-03-01 20:40:46
11,client_5,1923,3323,60000,0.414021,2026-03-01 20:40:46
11,client_3,1923,3323,60000,0.414021,2026-03-01 20:40:46
11,client_4,1923,3323,60000,0.414021,2026-03-01 20:40:46
12,client_4,1923,3323,60000,0.342837,2026-03-01 20:40:53
12,client_1,1923,3323,60000,0.342837,2026-03-01 20:40:53
12,client_0,1923,3323,60000,0.342837,2026-03-01 20:40:53
12,client_2,1923,3323,60000,0.342837,2026-03-01 20:40:53
12,client_5,1923,3323,60000,0.342837,2026-03-01 20:40:53
12,client_3,1923,3323,60000,0.342837,2026-03-01 20:40:53
13,client_3,1923,3323,60000,0.426906,2026-03-01 20:41:01
13,client_1,1923,3323,60000,0.426906,2026-03-01 20:41:01
13,client_5,1923,3323,60000,0.426906,2026-03-01 20:41:01
13,client_0,1923,3323,60000,0.426906,2026-03-01 20:41:01
13,client_4,1923,3323,60000,0.426906,2026-03-01 20:41:01
13,client_2,1923,3323,60000,0.426906,2026-03-01 20:41:01
14,client_2,1923,3323,60000,0.448869,2026-03-01 20:41:08
14,client_1,1923,3323,60000,0.448869,2026-03-01 20:41:08
14,client_5,1923,3323,60000,0.448869,2026-03-01 20:41:08
14,client_4,1923,3323,60000,0.448869,2026-03-01 20:41:08
14,client_3,1923,3323,60000,0.448869,2026-03-01 20:41:08
14,client_0,1923,3323,60000,0.448869,2026-03-01 20:41:08
15,client_0,1923,3323,60000,0.522673,2026-03-01 20:41:16
15,client_2,1923,3323,60000,0.522673,2026-03-01 20:41:16
15,client_4,1923,3323,60000,0.522673,2026-03-01 20:41:16
15,client_5,1923,3323,60000,0.522673,2026-03-01 20:41:16
15,client_3,1923,3323,60000,0.522673,2026-03-01 20:41:16
15,client_1,1923,3323,60000,0.522673,2026-03-01 20:41:16
16,client_1,1923,3323,60000,0.365198,2026-03-01 20:41:23
16,client_2,1923,3323,60000,0.365198,2026-03-01 20:41:23
16,client_0,1923,3323,60000,0.365198,2026-03-01 20:41:23
16,client_5,1923,3323,60000,0.365198,2026-03-01 20:41:23
16,client_4,1923,3323,60000,0.365198,2026-03-01 20:41:23
16,client_3,1923,3323,60000,0.365198,2026-03-01 20:41:23
17,client_3,1923,3323,60000,0.244724,2026-03-01 20:41:31
17,client_0,1923,3323,60000,0.244724,2026-03-01 20:41:31
17,client_2,1923,3323,60000,0.244724,2026-03-01 20:41:31
17,client_4,1923,3323,60000,0.244724,2026-03-01 20:41:31
17,client_1,1923,3323,60000,0.244724,2026-03-01 20:41:31
17,client_5,1923,3323,60000,0.244724,2026-03-01 20:41:31
18,client_5,1923,3323,60000,3.405312,2026-03-01 20:41:41
18,client_3,1923,3323,60000,3.405312,2026-03-01 20:41:41
18,client_0,1923,3323,60000,3.405312,2026-03-01 20:41:41
18,client_4,1923,3323,60000,3.405312,2026-03-01 20:41:41
18,client_2,1923,3323,60000,3.405312,2026-03-01 20:41:41
18,client_1,1923,3323,60000,3.405312,2026-03-01 20:41:41
19,client_1,1923,3323,60000,0.481960,2026-03-01 20:41:49
19,client_0,1923,3323,60000,0.481960,2026-03-01 20:41:49
19,client_5,1923,3323,60000,0.481960,2026-03-01 20:41:49
19,client_4,1923,3323,60000,0.481960,2026-03-01 20:41:49
19,client_2,1923,3323,60000,0.481960,2026-03-01 20:41:49
19,client_3,1923,3323,60000,0.481960,2026-03-01 20:41:49
20,client_3,1923,3323,60000,0.426024,2026-03-01 20:41:57
20,client_1,1923,3323,60000,0.426024,2026-03-01 20:41:57
20,client_0,1923,3323,60000,0.426024,2026-03-01 20:41:57
20,client_4,1923,3323,60000,0.426024,2026-03-01 20:41:57
20,client_5,1923,3323,60000,0.426024,2026-03-01 20:41:57
20,client_2,1923,3323,60000,0.426024,2026-03-01 20:41:57
21,client_1,1923,3323,60000,1.864485,2026-03-01 20:42:07
21,client_2,1923,3323,60000,1.864485,2026-03-01 20:42:07
21,client_0,1923,3323,60000,1.864485,2026-03-01 20:42:07
21,client_4,1923,3323,60000,1.864485,2026-03-01 20:42:07
21,client_3,1923,3323,60000,1.864485,2026-03-01 20:42:07
21,client_5,1923,3323,60000,1.864485,2026-03-01 20:42:07
22,client_5,1923,3323,60000,0.766846,2026-03-01 20:48:33
22,client_0,1923,3323,60000,0.766846,2026-03-01 20:48:33
22,client_2,1923,3323,60000,0.766846,2026-03-01 20:48:33
22,client_4,1923,3323,60000,0.766846,2026-03-01 20:48:33
22,client_1,1923,3323,60000,0.766846,2026-03-01 20:48:33
22,client_3,1923,3323,60000,0.766846,2026-03-01 20:48:33
23,client_3,1923,3323,60000,0.617010,2026-03-01 20:48:43
23,client_5,1923,3323,60000,0.617010,2026-03-01 20:48:43
23,client_0,1923,3323,60000,0.617010,2026-03-01 20:48:43
23,client_4,1923,3323,60000,0.617010,2026-03-01 20:48:43
23,client_2,1923,3323,60000,0.617010,2026-03-01 20:48:43
23,client_1,1923,3323,60000,0.617010,2026-03-01 20:48:43
24,client_1,1923,3323,60000,0.606528,2026-03-01 20:48:52
24,client_4,1923,3323,60000,0.606528,2026-03-01 20:48:52
24,client_5,1923,3323,60000,0.606528,2026-03-01 20:48:52
24,client_0,1923,3323,60000,0.606528,2026-03-01 20:48:52
24,client_2,1923,3323,60000,0.606528,2026-03-01 20:48:52
24,client_3,1923,3323,60000,0.606528,2026-03-01 20:48:52
25,client_3,1923,3323,60000,0.543666,2026-03-01 20:49:01
25,client_5,1923,3323,60000,0.543666,2026-03-01 20:49:01
25,client_1,1923,3323,60000,0.543666,2026-03-01 20:49:01
25,client_2,1923,3323,60000,0.543666,2026-03-01 20:49:01
25,client_0,1923,3323,60000,0.543666,2026-03-01 20:49:01
25,client_4,1923,3323,60000,0.543666,2026-03-01 20:49:01
26,client_4,1923,3323,60000,0.437254,2026-03-01 20:49:09
26,client_3,1923,3323,60000,0.437254,2026-03-01 20:49:09
26,client_0,1923,3323,60000,0.437254,2026-03-01 20:49:09
26,client_1,1923,3323,60000,0.437254,2026-03-01 20:49:09
26,client_5,1923,3323,60000,0.437254,2026-03-01 20:49:09
26,client_2,1923,3323,60000,0.437254,2026-03-01 20:49:09
27,client_2,1923,3323,60000,0.146206,2026-03-01 20:49:19
27,client_3,1923,3323,60000,0.146206,2026-03-01 20:49:19
27,client_1,1923,3323,60000,0.146206,2026-03-01 20:49:19
27,client_4,1923,3323,60000,0.146206,2026-03-01 20:49:19
27,client_0,1923,3323,60000,0.146206,2026-03-01 20:49:19
27,client_5,1923,3323,60000,0.146206,2026-03-01 20:49:19
28,client_5,1923,3323,60000,2.606435,2026-03-01 20:49:29
28,client_3,1923,3323,60000,2.606435,2026-03-01 20:49:29
28,client_2,1923,3323,60000,2.606435,2026-03-01 20:49:29
28,client_1,1923,3323,60000,2.606435,2026-03-01 20:49:29
28,client_4,1923,3323,60000,2.606435,2026-03-01 20:49:29
28,client_0,1923,3323,60000,2.606435,2026-03-01 20:49:29
29,client_0,1923,3323,60000,0.260766,2026-03-01 20:49:38
29,client_4,1923,3323,60000,0.260766,2026-03-01 20:49:38
29,client_5,1923,3323,60000,0.260766,2026-03-01 20:49:38
29,client_1,1923,3323,60000,0.260766,2026-03-01 20:49:38
29,client_2,1923,3323,60000,0.260766,2026-03-01 20:49:38
29,client_3,1923,3323,60000,0.260766,2026-03-01 20:49:38
30,client_3,1923,3323,60000,0.678647,2026-03-01 20:49:47
30,client_0,1923,3323,60000,0.678647,2026-03-01 20:49:47
30,client_5,1923,3323,60000,0.678647,2026-03-01 20:49:47
30,client_4,1923,3323,60000,0.678647,2026-03-01 20:49:47
30,client_2,1923,3323,60000,0.678647,2026-03-01 20:49:47
30,client_1,1923,3323,60000,0.678647,2026-03-01 20:49:47
31,client_1,1923,3323,60000,0.221722,2026-03-01 20:49:56
31,client_0,1923,3323,60000,0.221722,2026-03-01 20:49:56
31,client_3,1923,3323,60000,0.221722,2026-03-01 20:49:56
31,client_5,1923,3323,60000,0.221722,2026-03-01 20:49:56
31,client_4,1923,3323,60000,0.221722,2026-03-01 20:49:56
31,client_2,1923,3323,60000,0.221722,2026-03-01 20:49:56
32,client_1,1923,3323,60000,0.398640,2026-03-01 20:50:05
32,client_2,1923,3323,60000,0.398640,2026-03-01 20:50:05
32,client_5,1923,3323,60000,0.398640,2026-03-01 20:50:05
32,client_0,1923,3323,60000,0.398640,2026-03-01 20:50:05
32,client_3,1923,3323,60000,0.398640,2026-03-01 20:50:05
32,client_4,1923,3323,60000,0.398640,2026-03-01 20:50:05
33,client_2,1923,3323,60000,0.399858,2026-03-01 20:50:15
33,client_4,1923,3323,60000,0.399858,2026-03-01 20:50:15
33,client_0,1923,3323,60000,0.399858,2026-03-01 20:50:15
33,client_1,1923,3323,60000,0.399858,2026-03-01 20:50:15
33,client_3,1923,3323,60000,0.399858,2026-03-01 20:50:15
33,client_5,1923,3323,60000,0.399858,2026-03-01 20:50:15
34,client_5,1923,3323,60000,0.741712,2026-03-01 20:50:24
34,client_2,1923,3323,60000,0.741712,2026-03-01 20:50:24
34,client_0,1923,3323,60000,0.741712,2026-03-01 20:50:24
34,client_1,1923,3323,60000,0.741712,2026-03-01 20:50:24
34,client_4,1923,3323,60000,0.741712,2026-03-01 20:50:24
34,client_3,1923,3323,60000,0.741712,2026-03-01 20:50:24
35,client_2,1923,3323,60000,0.217598,2026-03-01 20:50:33
35,client_5,1923,3323,60000,0.217598,2026-03-01 20:50:33
35,client_3,1923,3323,60000,0.217598,2026-03-01 20:50:33
35,client_0,1923,3323,60000,0.217598,2026-03-01 20:50:33
35,client_1,1923,3323,60000,0.217598,2026-03-01 20:50:33
35,client_4,1923,3323,60000,0.217598,2026-03-01 20:50:33
36,client_4,1923,3323,60000,0.402321,2026-03-01 20:50:42
36,client_1,1923,3323,60000,0.402321,2026-03-01 20:50:42
36,client_3,1923,3323,60000,0.402321,2026-03-01 20:50:42
36,client_2,1923,3323,60000,0.402321,2026-03-01 20:50:42
36,client_5,1923,3323,60000,0.402321,2026-03-01 20:50:42
36,client_0,1923,3323,60000,0.402321,2026-03-01 20:50:42
37,client_0,1923,3323,60000,0.636875,2026-03-01 20:50:51
37,client_1,1923,3323,60000,0.636875,2026-03-01 20:50:51
37,client_4,1923,3323,60000,0.636875,2026-03-01 20:50:51
37,client_2,1923,3323,60000,0.636875,2026-03-01 20:50:51
37,client_3,1923,3323,60000,0.636875,2026-03-01 20:50:51
37,client_5,1923,3323,60000,0.636875,2026-03-01 20:50:51
38,client_5,1923,3323,60000,2.387674,2026-03-01 20:51:02
38,client_2,1923,3323,60000,2.387674,2026-03-01 20:51:02
38,client_4,1923,3323,60000,2.387674,2026-03-01 20:51:02
38,client_0,1923,3323,60000,2.387674,2026-03-01 20:51:02
38,client_3,1923,3323,60000,2.387674,2026-03-01 20:51:02
38,client_1,1923,3323,60000,2.387674,2026-03-01 20:51:02
39,client_1,1923,3323,60000,0.419289,2026-03-01 20:51:10
39,client_5,1923,3323,60000,0.419289,2026-03-01 20:51:10
39,client_3,1923,3323,60000,0.419289,2026-03-01 20:51:10
39,client_0,1923,3323,60000,0.419289,2026-03-01 20:51:10
39,client_4,1923,3323,60000,0.419289,2026-03-01 20:51:10
39,client_2,1923,3323,60000,0.419289,2026-03-01 20:51:10
40,client_2,1923,3323,60000,0.273577,2026-03-01 20:51:19
40,client_5,1923,3323,60000,0.273577,2026-03-01 20:51:19
40,client_1,1923,3323,60000,0.273577,2026-03-01 20:51:19
40,client_3,1923,3323,60000,0.273577,2026-03-01 20:51:19
40,client_4,1923,3323,60000,0.273577,2026-03-01 20:51:19
40,client_0,1923,3323,60000,0.273577,2026-03-01 20:51:19
41,client_0,1923,3323,60000,0.233243,2026-03-01 20:51:27
41,client_2,1923,3323,60000,0.233243,2026-03-01 20:51:27
41,client_1,1923,3323,60000,0.233243,2026-03-01 20:51:27
41,client_3,1923,3323,60000,0.233243,2026-03-01 20:51:27
41,client_5,1923,3323,60000,0.233243,2026-03-01 20:51:27
41,client_4,1923,3323,60000,0.233243,2026-03-01 20:51:27
42,client_4,1923,3323,60000,0.379228,2026-03-01 20:51:36
42,client_0,1923,3323,60000,0.379228,2026-03-01 20:51:36
42,client_3,1923,3323,60000,0.379228,2026-03-01 20:51:36
42,client_2,1923,3323,60000,0.379228,2026-03-01 20:51:36
42,client_1,1923,3323,60000,0.379228,2026-03-01 20:51:36
42,client_5,1923,3323,60000,0.379228,2026-03-01 20:51:36
43,client_5,1923,3323,60000,0.344863,2026-03-01 20:51:46
43,client_0,1923,3323,60000,0.344863,2026-03-01 20:51:46
43,client_3,1923,3323,60000,0.344863,2026-03-01 20:51:46
43,client_2,1923,3323,60000,0.344863,2026-03-01 20:51:46
43,client_1,1923,3323,60000,0.344863,2026-03-01 20:51:46
43,client_4,1923,3323,60000,0.344863,2026-03-01 20:51:46
44,client_0,1923,3323,60000,0.396568,2026-03-01 20:51:54
44,client_4,1923,3323,60000,0.396568,2026-03-01 20:51:54
44,client_3,1923,3323,60000,0.396568,2026-03-01 20:51:54
44,client_1,1923,3323,60000,0.396568,2026-03-01 20:51:54
44,client_2,1923,3323,60000,0.396568,2026-03-01 20:51:54
44,client_5,1923,3323,60000,0.396568,2026-03-01 20:51:54
45,client_5,1923,3323,60000,0.503350,2026-03-01 20:52:03
45,client_1,1923,3323,60000,0.503350,2026-03-01 20:52:03
45,client_0,1923,3323,60000,0.503350,2026-03-01 20:52:03
45,client_3,1923,3323,60000,0.503350,2026-03-01 20:52:03
45,client_4,1923,3323,60000,0.503350,2026-03-01 20:52:03
45,client_2,1923,3323,60000,0.503350,2026-03-01 20:52:03
46,client_2,1923,3323,60000,0.304340,2026-03-01 20:52:12
46,client_1,1923,3323,60000,0.304340,2026-03-01 20:52:12
46,client_5,1923,3323,60000,0.304340,2026-03-01 20:52:12
46,client_0,1923,3323,60000,0.304340,2026-03-01 20:52:12
46,client_4,1923,3323,60000,0.304340,2026-03-01 20:52:12
46,client_3,1923,3323,60000,0.304340,2026-03-01 20:52:12
47,client_1,1923,3323,60000,1.801160,2026-03-01 20:52:22
47,client_0,1923,3323,60000,1.801160,2026-03-01 20:52:22
47,client_5,1923,3323,60000,1.801160,2026-03-01 20:52:22
47,client_2,1923,3323,60000,1.801160,2026-03-01 20:52:22
47,client_4,1923,3323,60000,1.801160,2026-03-01 20:52:22
47,client_3,1923,3323,60000,1.801160,2026-03-01 20:52:22
48,client_1,1923,3323,60000,0.300450,2026-03-01 20:52:30
48,client_3,1923,3323,60000,0.300450,2026-03-01 20:52:30
48,client_2,1923,3323,60000,0.300450,2026-03-01 20:52:30
48,client_4,1923,3323,60000,0.300450,2026-03-01 20:52:30
48,client_0,1923,3323,60000,0.300450,2026-03-01 20:52:30
48,client_5,1923,3323,60000,0.300450,2026-03-01 20:52:30
49,client_1,1923,3323,60000,0.351119,2026-03-01 20:52:38
49,client_5,1923,3323,60000,0.351119,2026-03-01 20:52:38
49,client_3,1923,3323,60000,0.351119,2026-03-01 20:52:38
49,client_2,1923,3323,60000,0.351119,2026-03-01 20:52:38
49,client_0,1923,3323,60000,0.351119,2026-03-01 20:52:38
49,client_4,1923,3323,60000,0.351119,2026-03-01 20:52:38
50,client_4,1923,3323,60000,0.427242,2026-03-01 20:52:46
50,client_5,1923,3323,60000,0.427242,2026-03-01 20:52:46
50,client_3,1923,3323,60000,0.427242,2026-03-01 20:52:46
50,client_1,1923,3323,60000,0.427242,2026-03-01 20:52:46
50,client_0,1923,3323,60000,0.427242,2026-03-01 20:52:46
50,client_2,1923,3323,60000,0.427242,2026-03-01 20:52:46
51,client_2,1923,3323,60000,0.403198,2026-03-01 20:52:53
51,client_5,1923,3323,60000,0.403198,2026-03-01 20:52:53
51,client_4,1923,3323,60000,0.403198,2026-03-01 20:52:53
51,client_3,1923,3323,60000,0.403198,2026-03-01 20:52:53
51,client_0,1923,3323,60000,0.403198,2026-03-01 20:52:53
51,client_1,1923,3323,60000,0.403198,2026-03-01 20:52:53
52,client_1,1923,3323,60000,0.409354,2026-03-01 20:53:02
52,client_2,1923,3323,60000,0.409354,2026-03-01 20:53:02
52,client_5,1923,3323,60000,0.409354,2026-03-01 20:53:02
52,client_4,1923,3323,60000,0.409354,2026-03-01 20:53:02
52,client_3,1923,3323,60000,0.409354,2026-03-01 20:53:02
52,client_0,1923,3323,60000,0.409354,2026-03-01 20:53:02
53,client_0,1923,3323,60000,0.507552,2026-03-01 20:53:10
53,client_1,1923,3323,60000,0.507552,2026-03-01 20:53:10
53,client_2,1923,3323,60000,0.507552,2026-03-01 20:53:10
53,client_5,1923,3323,60000,0.507552,2026-03-01 20:53:10
53,client_4,1923,3323,60000,0.507552,2026-03-01 20:53:10
53,client_3,1923,3323,60000,0.507552,2026-03-01 20:53:10
54,client_3,1923,3323,60000,0.325948,2026-03-01 20:53:18
54,client_0,1923,3323,60000,0.325948,2026-03-01 20:53:18
54,client_1,1923,3323,60000,0.325948,2026-03-01 20:53:18
54,client_2,1923,3323,60000,0.325948,2026-03-01 20:53:18
54,client_4,1923,3323,60000,0.325948,2026-03-01 20:53:18
54,client_5,1923,3323,60000,0.325948,2026-03-01 20:53:18
55,client_5,1923,3323,60000,0.516992,2026-03-01 20:53:27
55,client_0,1923,3323,60000,0.516992,2026-03-01 20:53:27
55,client_2,1923,3323,60000,0.516992,2026-03-01 20:53:27
55,client_1,1923,3323,60000,0.516992,2026-03-01 20:53:27
55,client_3,1923,3323,60000,0.516992,2026-03-01 20:53:27
55,client_4,1923,3323,60000,0.516992,2026-03-01 20:53:27
56,client_4,1923,3323,60000,0.201974,2026-03-01 20:53:35
56,client_0,1923,3323,60000,0.201974,2026-03-01 20:53:35
56,client_1,1923,3323,60000,0.201974,2026-03-01 20:53:35
56,client_5,1923,3323,60000,0.201974,2026-03-01 20:53:35
56,client_2,1923,3323,60000,0.201974,2026-03-01 20:53:35
56,client_3,1923,3323,60000,0.201974,2026-03-01 20:53:35
57,client_3,1923,3323,60000,0.345342,2026-03-01 20:53:44
57,client_4,1923,3323,60000,0.345342,2026-03-01 20:53:44
57,client_0,1923,3323,60000,0.345342,2026-03-01 20:53:44
57,client_1,1923,3323,60000,0.345342,2026-03-01 20:53:44
57,client_5,1923,3323,60000,0.345342,2026-03-01 20:53:44
57,client_2,1923,3323,60000,0.345342,2026-03-01 20:53:44
58,client_2,1923,3323,60000,0.526597,2026-03-01 20:53:53
58,client_4,1923,3323,60000,0.526597,2026-03-01 20:53:53
58,client_0,1923,3323,60000,0.526597,2026-03-01 20:53:53
58,client_3,1923,3323,60000,0.526597,2026-03-01 20:53:53
58,client_5,1923,3323,60000,0.526597,2026-03-01 20:53:53
58,client_1,1923,3323,60000,0.526597,2026-03-01 20:53:53
59,client_1,1923,3323,60000,0.402530,2026-03-01 20:54:00
59,client_2,1923,3323,60000,0.402530,2026-03-01 20:54:00
59,client_4,1923,3323,60000,0.402530,2026-03-01 20:54:00
59,client_5,1923,3323,60000,0.402530,2026-03-01 20:54:00
59,client_0,1923,3323,60000,0.402530,2026-03-01 20:54:00
59,client_3,1923,3323,60000,0.402530,2026-03-01 20:54:00
60,client_3,1923,3323,60000,0.380633,2026-03-01 20:54:08
60,client_2,1923,3323,60000,0.380633,2026-03-01 20:54:08
60,client_1,1923,3323,60000,0.380633,2026-03-01 20:54:08
60,client_4,1923,3323,60000,0.380633,2026-03-01 20:54:08
60,client_5,1923,3323,60000,0.380633,2026-03-01 20:54:08
60,client_0,1923,3323,60000,0.380633,2026-03-01 20:54:08
61,client_0,1923,3323,60000,0.550561,2026-03-01 20:54:16
61,client_2,1923,3323,60000,0.550561,2026-03-01 20:54:16
61,client_5,1923,3323,60000,0.550561,2026-03-01 20:54:16
61,client_4,1923,3323,60000,0.550561,2026-03-01 20:54:16
61,client_3,1923,3323,60000,0.550561,2026-03-01 20:54:16
61,client_1,1923,3323,60000,0.550561,2026-03-01 20:54:16
62,client_1,1923,3323,60000,0.403962,2026-03-01 20:54:24
62,client_0,1923,3323,60000,0.403962,2026-03-01 20:54:24
62,client_2,1923,3323,60000,0.403962,2026-03-01 20:54:24
62,client_5,1923,3323,60000,0.403962,2026-03-01 20:54:24
62,client_4,1923,3323,60000,0.403962,2026-03-01 20:54:24
62,client_3,1923,3323,60000,0.403962,2026-03-01 20:54:24
63,client_3,1923,3323,60000,0.521846,2026-03-01 20:54:32
63,client_1,1923,3323,60000,0.521846,2026-03-01 20:54:32
63,client_2,1923,3323,60000,0.521846,2026-03-01 20:54:32
63,client_0,1923,3323,60000,0.521846,2026-03-01 20:54:32
63,client_4,1923,3323,60000,0.521846,2026-03-01 20:54:32
63,client_5,1923,3323,60000,0.521846,2026-03-01 20:54:32
64,client_5,1923,3323,60000,2.803642,2026-03-01 20:54:43
64,client_3,1923,3323,60000,2.803642,2026-03-01 20:54:43
64,client_2,1923,3323,60000,2.803642,2026-03-01 20:54:43
64,client_1,1923,3323,60000,2.803642,2026-03-01 20:54:43
64,client_4,1923,3323,60000,2.803642,2026-03-01 20:54:43
64,client_0,1923,3323,60000,2.803642,2026-03-01 20:54:43
65,client_3,1923,3323,60000,0.273651,2026-03-01 20:54:51
65,client_0,1923,3323,60000,0.273651,2026-03-01 20:54:51
65,client_1,1923,3323,60000,0.273651,2026-03-01 20:54:51
65,client_2,1923,3323,60000,0.273651,2026-03-01 20:54:51
65,client_4,1923,3323,60000,0.273651,2026-03-01 20:54:51
65,client_5,1923,3323,60000,0.273651,2026-03-01 20:54:51
66,client_1,1923,3323,60000,0.119710,2026-03-01 20:55:00
66,client_0,1923,3323,60000,0.119710,2026-03-01 20:55:00
66,client_5,1923,3323,60000,0.119710,2026-03-01 20:55:00
66,client_3,1923,3323,60000,0.119710,2026-03-01 20:55:00
66,client_2,1923,3323,60000,0.119710,2026-03-01 20:55:00
66,client_4,1923,3323,60000,0.119710,2026-03-01 20:55:00
67,client_4,1923,3323,60000,0.424767,2026-03-01 20:55:08
67,client_3,1923,3323,60000,0.424767,2026-03-01 20:55:08
67,client_0,1923,3323,60000,0.424767,2026-03-01 20:55:08
67,client_5,1923,3323,60000,0.424767,2026-03-01 20:55:08
67,client_2,1923,3323,60000,0.424767,2026-03-01 20:55:08
67,client_1,1923,3323,60000,0.424767,2026-03-01 20:55:08
68,client_1,1923,3323,60000,0.552403,2026-03-01 20:55:17
68,client_4,1923,3323,60000,0.552403,2026-03-01 20:55:17
68,client_0,1923,3323,60000,0.552403,2026-03-01 20:55:17
68,client_3,1923,3323,60000,0.552403,2026-03-01 20:55:17
68,client_2,1923,3323,60000,0.552403,2026-03-01 20:55:17
68,client_5,1923,3323,60000,0.552403,2026-03-01 20:55:17
0,client_0,1923,3323,60000,50.854301,2026-03-01 21:26:21
0,client_1,1923,3323,60000,50.854301,2026-03-01 21:26:21
0,client_2,1923,3323,60000,50.854301,2026-03-01 21:26:21
0,client_3,1923,3323,60000,50.854301,2026-03-01 21:26:21
0,client_4,1923,3323,60000,50.854301,2026-03-01 21:26:21
0,client_5,1923,3323,60000,50.854301,2026-03-01 21:26:21
1,client_5,1923,3323,60000,0.500414,2026-03-01 21:26:31
1,client_1,1923,3323,60000,0.500414,2026-03-01 21:26:31
1,client_2,1923,3323,60000,0.500414,2026-03-01 21:26:31
1,client_4,1923,3323,60000,0.500414,2026-03-01 21:26:31
1,client_0,1923,3323,60000,0.500414,2026-03-01 21:26:31
1,client_3,1923,3323,60000,0.500414,2026-03-01 21:26:31
2,client_2,1923,3323,60000,0.442749,2026-03-01 21:26:40
2,client_5,1923,3323,60000,0.442749,2026-03-01 21:26:40
2,client_3,1923,3323,60000,0.442749,2026-03-01 21:26:40
2,client_1,1923,3323,60000,0.442749,2026-03-01 21:26:40
2,client_0,1923,3323,60000,0.442749,2026-03-01 21:26:40
2,client_4,1923,3323,60000,0.442749,2026-03-01 21:26:40
3,client_4,1923,3323,60000,0.541884,2026-03-01 21:26:49
3,client_2,1923,3323,60000,0.541884,2026-03-01 21:26:49
3,client_3,1923,3323,60000,0.541884,2026-03-01 21:26:49
3,client_5,1923,3323,60000,0.541884,2026-03-01 21:26:49
3,client_1,1923,3323,60000,0.541884,2026-03-01 21:26:49
3,client_0,1923,3323,60000,0.541884,2026-03-01 21:26:49
4,client_3,1923,3323,60000,0.137274,2026-03-01 21:26:57
4,client_5,1923,3323,60000,0.137274,2026-03-01 21:26:57
4,client_0,1923,3323,60000,0.137274,2026-03-01 21:26:57
4,client_4,1923,3323,60000,0.137274,2026-03-01 21:26:57
4,client_2,1923,3323,60000,0.137274,2026-03-01 21:26:57
4,client_1,1923,3323,60000,0.137274,2026-03-01 21:26:57
5,client_1,1923,3323,60000,3.031203,2026-03-01 21:27:07
5,client_4,1923,3323,60000,3.031203,2026-03-01 21:27:07
5,client_2,1923,3323,60000,3.031203,2026-03-01 21:27:07
5,client_5,1923,3323,60000,3.031203,2026-03-01 21:27:07
5,client_0,1923,3323,60000,3.031203,2026-03-01 21:27:07
5,client_3,1923,3323,60000,3.031203,2026-03-01 21:27:07
6,client_1,1923,3323,60000,0.323782,2026-03-01 21:27:15
6,client_3,1923,3323,60000,0.323782,2026-03-01 21:27:15
6,client_5,1923,3323,60000,0.323782,2026-03-01 21:27:15
6,client_0,1923,3323,60000,0.323782,2026-03-01 21:27:15
6,client_4,1923,3323,60000,0.323782,2026-03-01 21:27:15
6,client_2,1923,3323,60000,0.323782,2026-03-01 21:27:15
7,client_2,1923,3323,60000,0.441833,2026-03-01 21:27:23
7,client_3,1923,3323,60000,0.441833,2026-03-01 21:27:23
7,client_1,1923,3323,60000,0.441833,2026-03-01 21:27:23
7,client_5,1923,3323,60000,0.441833,2026-03-01 21:27:23
7,client_4,1923,3323,60000,0.441833,2026-03-01 21:27:23
7,client_0,1923,3323,60000,0.441833,2026-03-01 21:27:23
8,client_0,1923,3323,60000,3.278311,2026-03-01 21:27:34
8,client_3,1923,3323,60000,3.278311,2026-03-01 21:27:34
8,client_5,1923,3323,60000,3.278311,2026-03-01 21:27:34
8,client_4,1923,3323,60000,3.278311,2026-03-01 21:27:34
8,client_1,1923,3323,60000,3.278311,2026-03-01 21:27:34
8,client_2,1923,3323,60000,3.278311,2026-03-01 21:27:34
9,client_2,1923,3323,60000,2.718326,2026-03-01 21:27:44
9,client_0,1923,3323,60000,2.718326,2026-03-01 21:27:44
9,client_4,1923,3323,60000,2.718326,2026-03-01 21:27:44
9,client_3,1923,3323,60000,2.718326,2026-03-01 21:27:44
9,client_5,1923,3323,60000,2.718326,2026-03-01 21:27:44
9,client_1,1923,3323,60000,2.718326,2026-03-01 21:27:44
10,client_3,1923,3323,60000,0.562222,2026-03-01 21:27:54
10,client_1,1923,3323,60000,0.562222,2026-03-01 21:27:54
10,client_5,1923,3323,60000,0.562222,2026-03-01 21:27:54
10,client_4,1923,3323,60000,0.562222,2026-03-01 21:27:54
10,client_0,1923,3323,60000,0.562222,2026-03-01 21:27:54
10,client_2,1923,3323,60000,0.562222,2026-03-01 21:27:54
11,client_2,1923,3323,60000,0.264617,2026-03-01 21:28:04
11,client_1,1923,3323,60000,0.264617,2026-03-01 21:28:04
11,client_4,1923,3323,60000,0.264617,2026-03-01 21:28:04
11,client_5,1923,3323,60000,0.264617,2026-03-01 21:28:04
11,client_3,1923,3323,60000,0.264617,2026-03-01 21:28:04
11,client_0,1923,3323,60000,0.264617,2026-03-01 21:28:04
12,client_2,1923,3323,60000,0.218021,2026-03-01 21:28:13
12,client_1,1923,3323,60000,0.218021,2026-03-01 21:28:13
12,client_5,1923,3323,60000,0.218021,2026-03-01 21:28:13
12,client_0,1923,3323,60000,0.218021,2026-03-01 21:28:13
12,client_4,1923,3323,60000,0.218021,2026-03-01 21:28:13
12,client_3,1923,3323,60000,0.218021,2026-03-01 21:28:13
13,client_3,1923,3323,60000,0.332619,2026-03-01 21:28:23
13,client_2,1923,3323,60000,0.332619,2026-03-01 21:28:23
13,client_5,1923,3323,60000,0.332619,2026-03-01 21:28:23
13,client_1,1923,3323,60000,0.332619,2026-03-01 21:28:23
13,client_4,1923,3323,60000,0.332619,2026-03-01 21:28:23
13,client_0,1923,3323,60000,0.332619,2026-03-01 21:28:23
14,client_0,1923,3323,60000,0.238476,2026-03-01 21:28:31
14,client_5,1923,3323,60000,0.238476,2026-03-01 21:28:31
14,client_1,1923,3323,60000,0.238476,2026-03-01 21:28:31
14,client_3,1923,3323,60000,0.238476,2026-03-01 21:28:31
14,client_4,1923,3323,60000,0.238476,2026-03-01 21:28:31
14,client_2,1923,3323,60000,0.238476,2026-03-01 21:28:31
15,client_2,1923,3323,60000,0.345516,2026-03-01 21:28:39
15,client_0,1923,3323,60000,0.345516,2026-03-01 21:28:39
15,client_5,1923,3323,60000,0.345516,2026-03-01 21:28:39
15,client_3,1923,3323,60000,0.345516,2026-03-01 21:28:39
15,client_1,1923,3323,60000,0.345516,2026-03-01 21:28:39
15,client_4,1923,3323,60000,0.345516,2026-03-01 21:28:39
16,client_4,1923,3323,60000,0.447044,2026-03-01 21:28:47
16,client_5,1923,3323,60000,0.447044,2026-03-01 21:28:47
16,client_1,1923,3323,60000,0.447044,2026-03-01 21:28:47
16,client_0,1923,3323,60000,0.447044,2026-03-01 21:28:47
16,client_3,1923,3323,60000,0.447044,2026-03-01 21:28:47
16,client_2,1923,3323,60000,0.447044,2026-03-01 21:28:47
17,client_2,1923,3323,60000,0.422400,2026-03-01 21:28:55
17,client_1,1923,3323,60000,0.422400,2026-03-01 21:28:55
17,client_4,1923,3323,60000,0.422400,2026-03-01 21:28:55
17,client_5,1923,3323,60000,0.422400,2026-03-01 21:28:55
17,client_3,1923,3323,60000,0.422400,2026-03-01 21:28:55
17,client_0,1923,3323,60000,0.422400,2026-03-01 21:28:55
18,client_0,1923,3323,60000,0.379591,2026-03-01 21:29:03
18,client_4,1923,3323,60000,0.379591,2026-03-01 21:29:03
18,client_5,1923,3323,60000,0.379591,2026-03-01 21:29:03
18,client_2,1923,3323,60000,0.379591,2026-03-01 21:29:03
18,client_1,1923,3323,60000,0.379591,2026-03-01 21:29:03
18,client_3,1923,3323,60000,0.379591,2026-03-01 21:29:03
19,client_3,1923,3323,60000,0.540879,2026-03-01 21:29:12
19,client_4,1923,3323,60000,0.540879,2026-03-01 21:29:12
19,client_5,1923,3323,60000,0.540879,2026-03-01 21:29:12
19,client_2,1923,3323,60000,0.540879,2026-03-01 21:29:12
19,client_1,1923,3323,60000,0.540879,2026-03-01 21:29:12
19,client_0,1923,3323,60000,0.540879,2026-03-01 21:29:12
20,client_0,1923,3323,60000,0.308957,2026-03-01 21:29:20
20,client_3,1923,3323,60000,0.308957,2026-03-01 21:29:20
20,client_4,1923,3323,60000,0.308957,2026-03-01 21:29:20
20,client_1,1923,3323,60000,0.308957,2026-03-01 21:29:20
20,client_5,1923,3323,60000,0.308957,2026-03-01 21:29:20
20,client_2,1923,3323,60000,0.308957,2026-03-01 21:29:20
21,client_2,1923,3323,60000,0.365763,2026-03-01 21:29:28
21,client_3,1923,3323,60000,0.365763,2026-03-01 21:29:28
21,client_5,1923,3323,60000,0.365763,2026-03-01 21:29:28
21,client_1,1923,3323,60000,0.365763,2026-03-01 21:29:28
21,client_4,1923,3323,60000,0.365763,2026-03-01 21:29:28
21,client_0,1923,3323,60000,0.365763,2026-03-01 21:29:28
22,client_0,1923,3323,60000,0.431840,2026-03-01 21:29:36
22,client_2,1923,3323,60000,0.431840,2026-03-01 21:29:36
22,client_5,1923,3323,60000,0.431840,2026-03-01 21:29:36
22,client_3,1923,3323,60000,0.431840,2026-03-01 21:29:36
22,client_1,1923,3323,60000,0.431840,2026-03-01 21:29:36
22,client_4,1923,3323,60000,0.431840,2026-03-01 21:29:36
23,client_4,1923,3323,60000,0.475306,2026-03-01 21:29:44
23,client_2,1923,3323,60000,0.475306,2026-03-01 21:29:44
23,client_5,1923,3323,60000,0.475306,2026-03-01 21:29:44
23,client_1,1923,3323,60000,0.475306,2026-03-01 21:29:44
23,client_0,1923,3323,60000,0.475306,2026-03-01 21:29:44
23,client_3,1923,3323,60000,0.475306,2026-03-01 21:29:44
24,client_3,1923,3323,60000,0.303558,2026-03-01 21:29:52
24,client_2,1923,3323,60000,0.303558,2026-03-01 21:29:52
24,client_4,1923,3323,60000,0.303558,2026-03-01 21:29:52
24,client_1,1923,3323,60000,0.303558,2026-03-01 21:29:52
24,client_0,1923,3323,60000,0.303558,2026-03-01 21:29:52
24,client_5,1923,3323,60000,0.303558,2026-03-01 21:29:52
25,client_3,1923,3323,60000,0.475568,2026-03-01 21:30:00
25,client_5,1923,3323,60000,0.475568,2026-03-01 21:30:00
25,client_4,1923,3323,60000,0.475568,2026-03-01 21:30:00
25,client_1,1923,3323,60000,0.475568,2026-03-01 21:30:00
25,client_2,1923,3323,60000,0.475568,2026-03-01 21:30:00
25,client_0,1923,3323,60000,0.475568,2026-03-01 21:30:00
26,client_0,1923,3323,60000,0.218867,2026-03-01 21:30:08
26,client_3,1923,3323,60000,0.218867,2026-03-01 21:30:08
26,client_5,1923,3323,60000,0.218867,2026-03-01 21:30:08
26,client_4,1923,3323,60000,0.218867,2026-03-01 21:30:08
26,client_2,1923,3323,60000,0.218867,2026-03-01 21:30:08
26,client_1,1923,3323,60000,0.218867,2026-03-01 21:30:08
27,client_1,1923,3323,60000,0.360366,2026-03-01 21:30:16
27,client_3,1923,3323,60000,0.360366,2026-03-01 21:30:16
27,client_0,1923,3323,60000,0.360366,2026-03-01 21:30:16
27,client_5,1923,3323,60000,0.360366,2026-03-01 21:30:16
27,client_2,1923,3323,60000,0.360366,2026-03-01 21:30:16
27,client_4,1923,3323,60000,0.360366,2026-03-01 21:30:16
28,client_4,1923,3323,60000,0.304047,2026-03-01 21:30:23
28,client_3,1923,3323,60000,0.304047,2026-03-01 21:30:23
28,client_5,1923,3323,60000,0.304047,2026-03-01 21:30:23
28,client_1,1923,3323,60000,0.304047,2026-03-01 21:30:23
28,client_0,1923,3323,60000,0.304047,2026-03-01 21:30:23
28,client_2,1923,3323,60000,0.304047,2026-03-01 21:30:23
29,client_4,1923,3323,60000,0.353872,2026-03-01 21:30:31
29,client_2,1923,3323,60000,0.353872,2026-03-01 21:30:31
29,client_3,1923,3323,60000,0.353872,2026-03-01 21:30:31
29,client_5,1923,3323,60000,0.353872,2026-03-01 21:30:31
29,client_1,1923,3323,60000,0.353872,2026-03-01 21:30:31
29,client_0,1923,3323,60000,0.353872,2026-03-01 21:30:31
30,client_2,1923,3323,60000,0.184038,2026-03-01 21:30:39
30,client_3,1923,3323,60000,0.184038,2026-03-01 21:30:39
30,client_0,1923,3323,60000,0.184038,2026-03-01 21:30:39
30,client_5,1923,3323,60000,0.184038,2026-03-01 21:30:39
30,client_1,1923,3323,60000,0.184038,2026-03-01 21:30:39
30,client_4,1923,3323,60000,0.184038,2026-03-01 21:30:39
31,client_4,1923,3323,60000,0.411090,2026-03-01 21:30:47
31,client_2,1923,3323,60000,0.411090,2026-03-01 21:30:47
31,client_3,1923,3323,60000,0.411090,2026-03-01 21:30:47
31,client_5,1923,3323,60000,0.411090,2026-03-01 21:30:47
31,client_1,1923,3323,60000,0.411090,2026-03-01 21:30:47
31,client_0,1923,3323,60000,0.411090,2026-03-01 21:30:47
32,client_0,1923,3323,60000,0.149221,2026-03-01 21:30:55
32,client_2,1923,3323,60000,0.149221,2026-03-01 21:30:55
32,client_1,1923,3323,60000,0.149221,2026-03-01 21:30:55
32,client_5,1923,3323,60000,0.149221,2026-03-01 21:30:55
32,client_4,1923,3323,60000,0.149221,2026-03-01 21:30:55
32,client_3,1923,3323,60000,0.149221,2026-03-01 21:30:55
33,client_3,1923,3323,60000,0.474037,2026-03-01 21:31:03
33,client_2,1923,3323,60000,0.474037,2026-03-01 21:31:03
33,client_0,1923,3323,60000,0.474037,2026-03-01 21:31:03
33,client_4,1923,3323,60000,0.474037,2026-03-01 21:31:03
33,client_5,1923,3323,60000,0.474037,2026-03-01 21:31:03
33,client_1,1923,3323,60000,0.474037,2026-03-01 21:31:03
34,client_3,1923,3323,60000,0.400601,2026-03-01 21:31:11
34,client_1,1923,3323,60000,0.400601,2026-03-01 21:31:11
34,client_2,1923,3323,60000,0.400601,2026-03-01 21:31:11
34,client_5,1923,3323,60000,0.400601,2026-03-01 21:31:11
34,client_0,1923,3323,60000,0.400601,2026-03-01 21:31:11
34,client_4,1923,3323,60000,0.400601,2026-03-01 21:31:11
35,client_4,1923,3323,60000,0.436061,2026-03-01 21:31:19
35,client_2,1923,3323,60000,0.436061,2026-03-01 21:31:19
35,client_3,1923,3323,60000,0.436061,2026-03-01 21:31:19
35,client_1,1923,3323,60000,0.436061,2026-03-01 21:31:19
35,client_5,1923,3323,60000,0.436061,2026-03-01 21:31:19
35,client_0,1923,3323,60000,0.436061,2026-03-01 21:31:19
36,client_1,1923,3323,60000,0.084068,2026-03-01 21:31:26
36,client_2,1923,3323,60000,0.084068,2026-03-01 21:31:26
36,client_0,1923,3323,60000,0.084068,2026-03-01 21:31:26
36,client_4,1923,3323,60000,0.084068,2026-03-01 21:31:26
36,client_3,1923,3323,60000,0.084068,2026-03-01 21:31:26
36,client_5,1923,3323,60000,0.084068,2026-03-01 21:31:26
37,client_5,1923,3323,60000,3.261521,2026-03-01 21:31:37
37,client_1,1923,3323,60000,3.261521,2026-03-01 21:31:37
37,client_2,1923,3323,60000,3.261521,2026-03-01 21:31:37
37,client_3,1923,3323,60000,3.261521,2026-03-01 21:31:37
37,client_0,1923,3323,60000,3.261521,2026-03-01 21:31:37
37,client_4,1923,3323,60000,3.261521,2026-03-01 21:31:37
38,client_4,1923,3323,60000,0.206043,2026-03-01 21:31:45
38,client_1,1923,3323,60000,0.206043,2026-03-01 21:31:45
38,client_3,1923,3323,60000,0.206043,2026-03-01 21:31:45
38,client_5,1923,3323,60000,0.206043,2026-03-01 21:31:45
38,client_2,1923,3323,60000,0.206043,2026-03-01 21:31:45
38,client_0,1923,3323,60000,0.206043,2026-03-01 21:31:45
39,client_0,1923,3323,60000,3.147074,2026-03-01 21:31:56
39,client_1,1923,3323,60000,3.147074,2026-03-01 21:31:56
39,client_3,1923,3323,60000,3.147074,2026-03-01 21:31:56
39,client_5,1923,3323,60000,3.147074,2026-03-01 21:31:56
39,client_2,1923,3323,60000,3.147074,2026-03-01 21:31:56
39,client_4,1923,3323,60000,3.147074,2026-03-01 21:31:56
40,client_4,1923,3323,60000,0.240085,2026-03-01 21:32:03
40,client_3,1923,3323,60000,0.240085,2026-03-01 21:32:03
40,client_1,1923,3323,60000,0.240085,2026-03-01 21:32:03
40,client_2,1923,3323,60000,0.240085,2026-03-01 21:32:03
40,client_5,1923,3323,60000,0.240085,2026-03-01 21:32:03
40,client_0,1923,3323,60000,0.240085,2026-03-01 21:32:03
41,client_1,1923,3323,60000,0.094375,2026-03-01 21:32:11
41,client_0,1923,3323,60000,0.094375,2026-03-01 21:32:11
41,client_3,1923,3323,60000,0.094375,2026-03-01 21:32:11
41,client_2,1923,3323,60000,0.094375,2026-03-01 21:32:11
41,client_4,1923,3323,60000,0.094375,2026-03-01 21:32:11
41,client_5,1923,3323,60000,0.094375,2026-03-01 21:32:11
42,client_5,1923,3323,60000,0.519747,2026-03-01 21:32:18
42,client_2,1923,3323,60000,0.519747,2026-03-01 21:32:18
42,client_3,1923,3323,60000,0.519747,2026-03-01 21:32:18
42,client_4,1923,3323,60000,0.519747,2026-03-01 21:32:18
42,client_1,1923,3323,60000,0.519747,2026-03-01 21:32:18
42,client_0,1923,3323,60000,0.519747,2026-03-01 21:32:18
43,client_5,1923,3323,60000,0.206192,2026-03-01 21:32:26
43,client_0,1923,3323,60000,0.206192,2026-03-01 21:32:26
43,client_3,1923,3323,60000,0.206192,2026-03-01 21:32:26
43,client_4,1923,3323,60000,0.206192,2026-03-01 21:32:26
43,client_1,1923,3323,60000,0.206192,2026-03-01 21:32:26
43,client_2,1923,3323,60000,0.206192,2026-03-01 21:32:26
44,client_2,1923,3323,60000,0.333703,2026-03-01 21:32:33
44,client_5,1923,3323,60000,0.333703,2026-03-01 21:32:33
44,client_1,1923,3323,60000,0.333703,2026-03-01 21:32:33
44,client_0,1923,3323,60000,0.333703,2026-03-01 21:32:33
44,client_3,1923,3323,60000,0.333703,2026-03-01 21:32:33
44,client_4,1923,3323,60000,0.333703,2026-03-01 21:32:33
45,client_4,1923,3323,60000,0.470519,2026-03-01 21:32:41
45,client_5,1923,3323,60000,0.470519,2026-03-01 21:32:41
45,client_1,1923,3323,60000,0.470519,2026-03-01 21:32:41
45,client_2,1923,3323,60000,0.470519,2026-03-01 21:32:41
45,client_3,1923,3323,60000,0.470519,2026-03-01 21:32:41
45,client_0,1923,3323,60000,0.470519,2026-03-01 21:32:41
0,client_0,1923,3323,60000,40.317725,2026-03-01 22:00:36
0,client_1,1923,3323,60000,40.317725,2026-03-01 22:00:36
0,client_2,1923,3323,60000,40.317725,2026-03-01 22:00:36
0,client_3,1923,3323,60000,40.317725,2026-03-01 22:00:36
0,client_4,1923,3323,60000,40.317725,2026-03-01 22:00:36
0,client_5,1923,3323,60000,40.317725,2026-03-01 22:00:36
1,client_4,1923,3323,60000,0.162449,2026-03-01 22:00:44
1,client_3,1923,3323,60000,0.162449,2026-03-01 22:00:44
1,client_2,1923,3323,60000,0.162449,2026-03-01 22:00:44
1,client_1,1923,3323,60000,0.162449,2026-03-01 22:00:44
1,client_5,1923,3323,60000,0.162449,2026-03-01 22:00:44
1,client_0,1923,3323,60000,0.162449,2026-03-01 22:00:44
2,client_3,1923,3323,60000,3.084476,2026-03-01 22:00:54
2,client_2,1923,3323,60000,3.084476,2026-03-01 22:00:54
2,client_1,1923,3323,60000,3.084476,2026-03-01 22:00:54
2,client_0,1923,3323,60000,3.084476,2026-03-01 22:00:54
2,client_5,1923,3323,60000,3.084476,2026-03-01 22:00:54
2,client_4,1923,3323,60000,3.084476,2026-03-01 22:00:54
3,client_1,1923,3323,60000,0.207915,2026-03-01 22:01:02
3,client_0,1923,3323,60000,0.207915,2026-03-01 22:01:02
3,client_5,1923,3323,60000,0.207915,2026-03-01 22:01:02
3,client_2,1923,3323,60000,0.207915,2026-03-01 22:01:02
3,client_3,1923,3323,60000,0.207915,2026-03-01 22:01:02
3,client_4,1923,3323,60000,0.207915,2026-03-01 22:01:02
4,client_1,1923,3323,60000,0.304253,2026-03-01 22:01:10
4,client_0,1923,3323,60000,0.304253,2026-03-01 22:01:10
4,client_2,1923,3323,60000,0.304253,2026-03-01 22:01:10
4,client_3,1923,3323,60000,0.304253,2026-03-01 22:01:10
4,client_4,1923,3323,60000,0.304253,2026-03-01 22:01:10
4,client_5,1923,3323,60000,0.304253,2026-03-01 22:01:10
5,client_1,1923,3323,60000,0.376096,2026-03-01 22:01:18
5,client_0,1923,3323,60000,0.376096,2026-03-01 22:01:18
5,client_5,1923,3323,60000,0.376096,2026-03-01 22:01:18
5,client_2,1923,3323,60000,0.376096,2026-03-01 22:01:18
5,client_3,1923,3323,60000,0.376096,2026-03-01 22:01:18
5,client_4,1923,3323,60000,0.376096,2026-03-01 22:01:18
6,client_0,1923,3323,60000,0.245535,2026-03-01 22:01:25
6,client_3,1923,3323,60000,0.245535,2026-03-01 22:01:25
6,client_5,1923,3323,60000,0.245535,2026-03-01 22:01:25
6,client_1,1923,3323,60000,0.245535,2026-03-01 22:01:25
6,client_2,1923,3323,60000,0.245535,2026-03-01 22:01:25
6,client_4,1923,3323,60000,0.245535,2026-03-01 22:01:25
7,client_0,1923,3323,60000,0.419220,2026-03-01 22:01:33
7,client_3,1923,3323,60000,0.419220,2026-03-01 22:01:33
7,client_5,1923,3323,60000,0.419220,2026-03-01 22:01:33
7,client_1,1923,3323,60000,0.419220,2026-03-01 22:01:33
7,client_2,1923,3323,60000,0.419220,2026-03-01 22:01:33
7,client_4,1923,3323,60000,0.419220,2026-03-01 22:01:33
8,client_1,1923,3323,60000,0.138403,2026-03-01 22:01:40
8,client_3,1923,3323,60000,0.138403,2026-03-01 22:01:40
8,client_0,1923,3323,60000,0.138403,2026-03-01 22:01:40
8,client_5,1923,3323,60000,0.138403,2026-03-01 22:01:40
8,client_2,1923,3323,60000,0.138403,2026-03-01 22:01:40
8,client_4,1923,3323,60000,0.138403,2026-03-01 22:01:40
9,client_3,1923,3323,60000,0.187032,2026-03-01 22:01:48
9,client_1,1923,3323,60000,0.187032,2026-03-01 22:01:48
9,client_2,1923,3323,60000,0.187032,2026-03-01 22:01:48
9,client_5,1923,3323,60000,0.187032,2026-03-01 22:01:48
9,client_0,1923,3323,60000,0.187032,2026-03-01 22:01:48
9,client_4,1923,3323,60000,0.187032,2026-03-01 22:01:48
10,client_3,1923,3323,60000,0.186777,2026-03-01 22:01:56
10,client_1,1923,3323,60000,0.186777,2026-03-01 22:01:56
10,client_2,1923,3323,60000,0.186777,2026-03-01 22:01:56
10,client_4,1923,3323,60000,0.186777,2026-03-01 22:01:56
10,client_0,1923,3323,60000,0.186777,2026-03-01 22:01:56
10,client_5,1923,3323,60000,0.186777,2026-03-01 22:01:56
11,client_3,1923,3323,60000,0.271750,2026-03-01 22:02:04
11,client_2,1923,3323,60000,0.271750,2026-03-01 22:02:04
11,client_1,1923,3323,60000,0.271750,2026-03-01 22:02:04
11,client_5,1923,3323,60000,0.271750,2026-03-01 22:02:04
11,client_0,1923,3323,60000,0.271750,2026-03-01 22:02:04
11,client_4,1923,3323,60000,0.271750,2026-03-01 22:02:04
12,client_3,1923,3323,60000,0.530241,2026-03-01 22:02:11
12,client_2,1923,3323,60000,0.530241,2026-03-01 22:02:11
12,client_5,1923,3323,60000,0.530241,2026-03-01 22:02:11
12,client_0,1923,3323,60000,0.530241,2026-03-01 22:02:11
12,client_1,1923,3323,60000,0.530241,2026-03-01 22:02:11
12,client_4,1923,3323,60000,0.530241,2026-03-01 22:02:11
13,client_3,1923,3323,60000,0.371735,2026-03-01 22:02:19
13,client_2,1923,3323,60000,0.371735,2026-03-01 22:02:19
13,client_0,1923,3323,60000,0.371735,2026-03-01 22:02:19
13,client_1,1923,3323,60000,0.371735,2026-03-01 22:02:19
13,client_5,1923,3323,60000,0.371735,2026-03-01 22:02:19
13,client_4,1923,3323,60000,0.371735,2026-03-01 22:02:19
14,client_2,1923,3323,60000,0.439289,2026-03-01 22:02:27
14,client_1,1923,3323,60000,0.439289,2026-03-01 22:02:27
14,client_0,1923,3323,60000,0.439289,2026-03-01 22:02:27
14,client_3,1923,3323,60000,0.439289,2026-03-01 22:02:27
14,client_5,1923,3323,60000,0.439289,2026-03-01 22:02:27
14,client_4,1923,3323,60000,0.439289,2026-03-01 22:02:27
0,client_0,4083,7643,60000,122.744455,2026-03-01 22:42:57
0,client_1,4083,7643,60000,122.744455,2026-03-01 22:42:57
0,client_2,4083,7643,60000,122.744455,2026-03-01 22:42:57
0,client_3,4083,7643,60000,122.744455,2026-03-01 22:42:57
0,client_4,4083,7643,60000,122.744455,2026-03-01 22:42:57
0,client_5,4083,7643,60000,122.744455,2026-03-01 22:42:57
1,client_3,4083,7643,60000,2.839810,2026-03-01 22:43:12
1,client_2,4083,7643,60000,2.839810,2026-03-01 22:43:12
1,client_1,4083,7643,60000,2.839810,2026-03-01 22:43:12
1,client_5,4083,7643,60000,2.839810,2026-03-01 22:43:12
1,client_4,4083,7643,60000,2.839810,2026-03-01 22:43:12
1,client_0,4083,7643,60000,2.839810,2026-03-01 22:43:12
2,client_2,4083,7643,60000,1.345887,2026-03-01 22:43:24
2,client_3,4083,7643,60000,1.345887,2026-03-01 22:43:24
2,client_1,4083,7643,60000,1.345887,2026-03-01 22:43:24
2,client_5,4083,7643,60000,1.345887,2026-03-01 22:43:24
2,client_4,4083,7643,60000,1.345887,2026-03-01 22:43:24
2,client_0,4083,7643,60000,1.345887,2026-03-01 22:43:24
3,client_2,4083,7643,60000,1.110223,2026-03-01 22:43:35
3,client_1,4083,7643,60000,1.110223,2026-03-01 22:43:35
3,client_3,4083,7643,60000,1.110223,2026-03-01 22:43:35
3,client_4,4083,7643,60000,1.110223,2026-03-01 22:43:35
3,client_5,4083,7643,60000,1.110223,2026-03-01 22:43:35
3,client_0,4083,7643,60000,1.110223,2026-03-01 22:43:35
4,client_2,4083,7643,60000,0.883431,2026-03-01 22:43:46
4,client_4,4083,7643,60000,0.883431,2026-03-01 22:43:46
4,client_3,4083,7643,60000,0.883431,2026-03-01 22:43:46
4,client_1,4083,7643,60000,0.883431,2026-03-01 22:43:46
4,client_5,4083,7643,60000,0.883431,2026-03-01 22:43:46
4,client_0,4083,7643,60000,0.883431,2026-03-01 22:43:46
5,client_2,4083,7643,60000,1.072641,2026-03-01 22:43:57
5,client_5,4083,7643,60000,1.072641,2026-03-01 22:43:57
5,client_1,4083,7643,60000,1.072641,2026-03-01 22:43:57
5,client_4,4083,7643,60000,1.072641,2026-03-01 22:43:57
5,client_3,4083,7643,60000,1.072641,2026-03-01 22:43:57
5,client_0,4083,7643,60000,1.072641,2026-03-01 22:43:57
6,client_2,4083,7643,60000,0.894882,2026-03-01 22:44:08
6,client_5,4083,7643,60000,0.894882,2026-03-01 22:44:08
6,client_4,4083,7643,60000,0.894882,2026-03-01 22:44:08
6,client_1,4083,7643,60000,0.894882,2026-03-01 22:44:08
6,client_3,4083,7643,60000,0.894882,2026-03-01 22:44:08
6,client_0,4083,7643,60000,0.894882,2026-03-01 22:44:08
7,client_2,4083,7643,60000,1.045018,2026-03-01 22:44:19
7,client_5,4083,7643,60000,1.045018,2026-03-01 22:44:19
7,client_4,4083,7643,60000,1.045018,2026-03-01 22:44:19
7,client_1,4083,7643,60000,1.045018,2026-03-01 22:44:19
7,client_3,4083,7643,60000,1.045018,2026-03-01 22:44:19
7,client_0,4083,7643,60000,1.045018,2026-03-01 22:44:19
8,client_4,4083,7643,60000,1.044820,2026-03-01 22:44:31
8,client_2,4083,7643,60000,1.044820,2026-03-01 22:44:31
8,client_5,4083,7643,60000,1.044820,2026-03-01 22:44:31
8,client_1,4083,7643,60000,1.044820,2026-03-01 22:44:31
8,client_0,4083,7643,60000,1.044820,2026-03-01 22:44:31
8,client_3,4083,7643,60000,1.044820,2026-03-01 22:44:31
9,client_2,4083,7643,60000,0.773751,2026-03-01 22:44:42
9,client_5,4083,7643,60000,0.773751,2026-03-01 22:44:42
9,client_4,4083,7643,60000,0.773751,2026-03-01 22:44:42
9,client_0,4083,7643,60000,0.773751,2026-03-01 22:44:42
9,client_1,4083,7643,60000,0.773751,2026-03-01 22:44:42
9,client_3,4083,7643,60000,0.773751,2026-03-01 22:44:42
10,client_2,4083,7643,60000,1.012338,2026-03-01 22:44:53
10,client_4,4083,7643,60000,1.012338,2026-03-01 22:44:53
10,client_5,4083,7643,60000,1.012338,2026-03-01 22:44:53
10,client_1,4083,7643,60000,1.012338,2026-03-01 22:44:53
10,client_0,4083,7643,60000,1.012338,2026-03-01 22:44:53
10,client_3,4083,7643,60000,1.012338,2026-03-01 22:44:53
11,client_5,4083,7643,60000,1.051044,2026-03-01 22:45:05
11,client_2,4083,7643,60000,1.051044,2026-03-01 22:45:05
11,client_4,4083,7643,60000,1.051044,2026-03-01 22:45:05
11,client_1,4083,7643,60000,1.051044,2026-03-01 22:45:05
11,client_0,4083,7643,60000,1.051044,2026-03-01 22:45:05
11,client_3,4083,7643,60000,1.051044,2026-03-01 22:45:05
12,client_4,4083,7643,60000,9.900420,2026-03-01 22:45:25
12,client_2,4083,7643,60000,9.900420,2026-03-01 22:45:25
12,client_5,4083,7643,60000,9.900420,2026-03-01 22:45:25
12,client_1,4083,7643,60000,9.900420,2026-03-01 22:45:25
12,client_3,4083,7643,60000,9.900420,2026-03-01 22:45:25
12,client_0,4083,7643,60000,9.900420,2026-03-01 22:45:25
13,client_5,4083,7643,60000,0.504196,2026-03-01 22:45:37
13,client_2,4083,7643,60000,0.504196,2026-03-01 22:45:37
13,client_4,4083,7643,60000,0.504196,2026-03-01 22:45:37
13,client_1,4083,7643,60000,0.504196,2026-03-01 22:45:37
13,client_0,4083,7643,60000,0.504196,2026-03-01 22:45:37
13,client_3,4083,7643,60000,0.504196,2026-03-01 22:45:37
14,client_2,4083,7643,60000,0.455124,2026-03-01 22:45:48
14,client_4,4083,7643,60000,0.455124,2026-03-01 22:45:48
14,client_0,4083,7643,60000,0.455124,2026-03-01 22:45:48
14,client_5,4083,7643,60000,0.455124,2026-03-01 22:45:48
14,client_1,4083,7643,60000,0.455124,2026-03-01 22:45:48
14,client_3,4083,7643,60000,0.455124,2026-03-01 22:45:48
